{"type":"minecraft:chest","pools":[{"rolls":{"min":1,"max":1},"bonus_rolls":{"min":0,"max":0},"entries":[{"type":"minecraft:item","name":"minecraft:bone_meal","weight":1,"functions":[{"function":"minecraft:set_count","count":{"min":3,"max":5}}]}]},{"rolls":{"min":1,"max":1},"bonus_rolls":{"min":0,"max":0},"entries":[{"type":"minecraft:item","name":"minecraft:bone","weight":1,"functions":[{"function":"minecraft:set_count","count":{"min":6,"max":9}}]}]},{"rolls":{"min":1,"max":1},"bonus_rolls":{"min":0,"max":0},"entries":[{"type":"minecraft:item","name":"minecraft:dark_oak_sapling","weight":1,"functions":[{"function":"minecraft:set_count","count":{"min":1,"max":2}}]}]},{"rolls":{"min":1,"max":1},"bonus_rolls":{"min":0,"max":0},"entries":[{"type":"minecraft:item","name":"minecraft:ice","weight":1,"functions":[{"function":"minecraft:set_count","count":{"min":1,"max":1}}]}]}]}