{"type":"minecraft:chest","pools":[{"rolls":{"min":2,"max":3},"bonus_rolls":{"min":0,"max":1},"entries":[{"type":"minecraft:item","name":"minecraft:gold_nugget","weight":7,"functions":[{"function":"minecraft:set_count","count":{"min":3,"max":6}}]},{"type":"minecraft:item","name":"minecraft:iron_nugget","weight":6,"functions":[{"function":"minecraft:set_count","count":{"min":2,"max":5}}]},{"type":"minecraft:item","name":"minecraft:quartz","weight":5,"functions":[{"function":"minecraft:set_count","count":{"min":2,"max":3}}]},{"type":"minecraft:item","name":"minecraft:gold_ingot","weight":4,"functions":[{"function":"minecraft:set_count","count":{"min":1,"max":3}}]},{"type":"minecraft:item","name":"minecraft:twisting_vines","weight":3,"functions":[{"function":"minecraft:set_count","count":{"min":2,"max":3}}]},{"type":"minecraft:item","name":"minecraft:weeping_vines","weight":3,"functions":[{"function":"minecraft:set_count","count":{"min":2,"max":3}}]},{"type":"minecraft:item","name":"minecraft:lava_bucket","weight":3,"functions":[{"function":"minecraft:set_count","count":{"min":1,"max":1}}]},{"type":"minecraft:item","name":"minecraft:ghast_tear","weight":2,"functions":[{"function":"minecraft:set_count","count":{"min":1,"max":2}}]},{"type":"minecraft:item","name":"minecraft:blaze_rod","weight":2,"functions":[{"function":"minecraft:set_count","count":{"min":1,"max":2}}]},{"type":"minecraft:item","name":"minecraft:magma_cream","weight":2,"functions":[{"function":"minecraft:set_count","count":{"min":1,"max":2}}]},{"type":"minecraft:item","name":"minecraft:blaze_powder","weight":2,"functions":[{"function":"minecraft:set_count","count":{"min":1,"max":2}}]},{"type":"minecraft:item","name":"minecraft:netherite_scrap","weight":1,"functions":[{"function":"minecraft:set_count","count":{"min":1,"max":2}}]},{"type":"minecraft:item","name":"minecraft:nether_wart","weight":1,"functions":[{"function":"minecraft:set_count","count":{"min":1,"max":2}}]},{"type":"minecraft:item","name":"minecraft:nether_sprouts","weight":1,"functions":[{"function":"minecraft:set_count","count":{"min":1,"max":2}}]},{"type":"minecraft:item","name":"minecraft:wither_skeleton_skull","weight":1,"functions":[{"function":"minecraft:set_count","count":{"min":1,"max":1}}]}]}]}