{"type":"minecraft:chest","pools":[{"rolls":{"min":1,"max":1},"bonus_rolls":{"min":0,"max":1},"entries":[{"type":"minecraft:item","name":"minecraft:lingering_potion","weight":1,"functions":[{"function":"minecraft:set_count","count":{"min":1,"max":1}},{"function":"minecraft:set_nbt","tag":"{\"Potion\":\"minecraft:long_fire_resistance\"}"}]},{"type":"minecraft:item","name":"minecraft:lingering_potion","weight":1,"functions":[{"function":"minecraft:set_count","count":{"min":1,"max":1}},{"function":"minecraft:set_nbt","tag":"{\"Potion\":\"minecraft:strong_healing\"}"}]},{"type":"minecraft:item","name":"minecraft:lingering_potion","weight":1,"functions":[{"function":"minecraft:set_count","count":{"min":1,"max":1}},{"function":"minecraft:set_nbt","tag":"{\"Potion\":\"minecraft:long_invisibility\"}"}]},{"type":"minecraft:item","name":"minecraft:lingering_potion","weight":1,"functions":[{"function":"minecraft:set_count","count":{"min":1,"max":1}},{"function":"minecraft:set_nbt","tag":"{\"Potion\":\"minecraft:long_leaping\"}"}]},{"type":"minecraft:item","name":"minecraft:lingering_potion","weight":1,"functions":[{"function":"minecraft:set_count","count":{"min":1,"max":1}},{"function":"minecraft:set_nbt","tag":"{\"Potion\":\"minecraft:luck\"}"}]},{"type":"minecraft:item","name":"minecraft:lingering_potion","weight":1,"functions":[{"function":"minecraft:set_count","count":{"min":1,"max":1}},{"function":"minecraft:set_nbt","tag":"{\"Potion\":\"minecraft:long_night_vision\"}"}]},{"type":"minecraft:item","name":"minecraft:lingering_potion","weight":1,"functions":[{"function":"minecraft:set_count","count":{"min":1,"max":1}},{"function":"minecraft:set_nbt","tag":"{\"Potion\":\"minecraft:long_regeneration\"}"}]},{"type":"minecraft:item","name":"minecraft:lingering_potion","weight":1,"functions":[{"function":"minecraft:set_count","count":{"min":1,"max":1}},{"function":"minecraft:set_nbt","tag":"{\"Potion\":\"minecraft:long_slow_falling\"}"}]},{"type":"minecraft:item","name":"minecraft:lingering_potion","weight":1,"functions":[{"function":"minecraft:set_count","count":{"min":1,"max":1}},{"function":"minecraft:set_nbt","tag":"{\"Potion\":\"minecraft:long_strength\"}"}]},{"type":"minecraft:item","name":"minecraft:lingering_potion","weight":1,"functions":[{"function":"minecraft:set_count","count":{"min":1,"max":1}},{"function":"minecraft:set_nbt","tag":"{\"Potion\":\"minecraft:strong_swiftness\"}"}]},{"type":"minecraft:item","name":"minecraft:lingering_potion","weight":1,"functions":[{"function":"minecraft:set_count","count":{"min":1,"max":1}},{"function":"minecraft:set_nbt","tag":"{\"Potion\":\"minecraft:strong_turtle_master\"}"}]},{"type":"minecraft:item","name":"minecraft:lingering_potion","weight":1,"functions":[{"function":"minecraft:set_count","count":{"min":1,"max":1}},{"function":"minecraft:set_nbt","tag":"{\"Potion\":\"minecraft:long_water_breathing\"}"}]}]},{"rolls":{"min":1,"max":1},"bonus_rolls":{"min":0,"max":0},"entries":[{"type":"minecraft:item","name":"minecraft:book","weight":1,"functions":[{"function":"minecraft:set_count","count":{"min":1,"max":1}},{"function":"minecraft:enchant_randomly","enchantments":["multishot","quick_charge"]}]},{"type":"minecraft:item","name":"minecraft:book","weight":1,"functions":[{"function":"minecraft:set_count","count":{"min":1,"max":1}},{"function":"minecraft:enchant_randomly","enchantments":["flame","infinity","power","punch"]}]},{"type":"minecraft:item","name":"minecraft:book","weight":2,"functions":[{"function":"minecraft:set_count","count":{"min":1,"max":1}},{"function":"minecraft:enchant_randomly","enchantments":["bane_of_arthropods","fire_aspect","fortune","knockback","looting","sharpness","soul_speed","smite","sweeping"]}]},{"type":"minecraft:item","name":"minecraft:book","weight":4,"functions":[{"function":"minecraft:set_count","count":{"min":1,"max":1}},{"function":"minecraft:enchant_randomly","enchantments":["efficiency","fortune","silk_touch"]}]},{"type":"minecraft:item","name":"minecraft:book","weight":5,"functions":[{"function":"minecraft:set_count","count":{"min":1,"max":1}},{"function":"minecraft:enchant_randomly","enchantments":["channeling","impaling","loyalty","riptide"]}]},{"type":"minecraft:item","name":"minecraft:book","weight":5,"functions":[{"function":"minecraft:set_count","count":{"min":1,"max":1}},{"function":"minecraft:enchant_randomly","enchantments":["piercing","quick_charge"]}]},{"type":"minecraft:item","name":"minecraft:book","weight":6,"functions":[{"function":"minecraft:set_count","count":{"min":1,"max":1}},{"function":"minecraft:enchant_randomly","enchantments":["luck_of_the_sea","lure"]}]},{"type":"minecraft:item","name":"minecraft:book","weight":8,"functions":[{"function":"minecraft:set_count","count":{"min":1,"max":1}},{"function":"minecraft:enchant_randomly","enchantments":["aqua_affinity","blast_protection","depth_strider","feather_falling","fire_protection","frost_walker","mending","projectile_protection","protection","respiration","thorns","unbreaking","binding_curse","vanishing_curse"]}]}]},{"rolls":{"min":0,"max":1},"bonus_rolls":{"min":0,"max":0},"entries":[{"type":"minecraft:item","name":"minecraft:totem_of_undying","weight":2,"functions":[{"function":"minecraft:set_count","count":{"min":1,"max":1}}]},{"type":"minecraft:item","name":"minecraft:creeper_head","weight":3,"functions":[{"function":"minecraft:set_count","count":{"min":1,"max":1}}]},{"type":"minecraft:item","name":"minecraft:zombie_head","weight":3,"functions":[{"function":"minecraft:set_count","count":{"min":1,"max":1}}]},{"type":"minecraft:item","name":"minecraft:skeleton_skull","weight":3,"functions":[{"function":"minecraft:set_count","count":{"min":1,"max":1}}]},{"type":"minecraft:item","name":"minecraft:diamond_horse_armor","weight":2,"functions":[{"function":"minecraft:set_count","count":{"min":1,"max":1}}]},{"type":"minecraft:item","name":"minecraft:golden_horse_armor","weight":2,"functions":[{"function":"minecraft:set_count","count":{"min":1,"max":1}}]},{"type":"minecraft:item","name":"minecraft:golden_apple","weight":6,"functions":[{"function":"minecraft:set_count","count":{"min":1,"max":2}}]},{"type":"minecraft:item","name":"minecraft:golden_carrot","weight":10,"functions":[{"function":"minecraft:set_count","count":{"min":2,"max":4}}]},{"type":"minecraft:item","name":"minecraft:emerald","weight":7,"functions":[{"function":"minecraft:set_count","count":{"min":2,"max":6}}]},{"type":"minecraft:item","name":"minecraft:diamond","weight":2,"functions":[{"function":"minecraft:set_count","count":{"min":1,"max":3}}]}]},{"rolls":{"min":2,"max":3},"bonus_rolls":{"min":0,"max":0},"entries":[{"type":"minecraft:item","name":"minecraft:gold_nugget","weight":4,"functions":[{"function":"minecraft:set_count","count":{"min":4,"max":7}}]},{"type":"minecraft:item","name":"minecraft:gold_ingot","weight":2,"functions":[{"function":"minecraft:set_count","count":{"min":3,"max":5}}]}]}]}