{"stats":{"minecraft:broken":{"minecraft:stone_pickaxe":1},"minecraft:killed_by":{"sanitydim:rotting_stalker":1,"bwrtherain:vapor":2},"minecraft:dropped":{"minecraft:wheat_seeds":2,"sanitydim:garland":1,"minecraft:bone_meal":1,"minecraft:azure_bluet":1},"minecraft:picked_up":{"minecraft:raw_iron":5,"minecraft:oak_slab":13,"minecraft:mud":24,"minecraft:stick":2,"minecraft:azure_bluet":1,"minecraft:dandelion":11,"minecraft:oak_log":68,"minecraft:spruce_sapling":1,"minecraft:cornflower":1,"minecraft:dirt":148,"minecraft:wheat_seeds":2,"minecraft:bone_meal":1,"minecraft:poppy":2,"minecraft:oak_sapling":3,"minecraft:moss_block":50,"minecraft:oak_planks":57,"minecraft:coal":6,"minecraft:cobblestone":67,"minecraft:oxeye_daisy":2},"minecraft:crafted":{"minecraft:oak_slab":306,"minecraft:oak_planks":172,"minecraft:stick":4,"minecraft:iron_pickaxe":1,"minecraft:wooden_pickaxe":1,"minecraft:stone_pickaxe":1,"sanitydim:garland":2,"minecraft:stone_axe":1},"minecraft:used":{"minecraft:moss_block":43,"minecraft:mud":1,"minecraft:stone_pickaxe":133,"minecraft:iron_pickaxe":15,"minecraft:oak_planks":2,"minecraft:wooden_pickaxe":14,"minecraft:stone_axe":97,"minecraft:dirt":83,"minecraft:oak_slab":252,"minecraft:oak_sapling":2},"minecraft:custom":{"minecraft:time_since_rest":8154,"minecraft:sprint_one_cm":61035,"minecraft:damage_taken":20002250,"minecraft:walk_one_cm":73433,"minecraft:mob_kills":1,"minecraft:drop":5,"minecraft:damage_dealt":18,"minecraft:traded_with_villager":1,"minecraft:talked_to_villager":13,"minecraft:interact_with_crafting_table":10,"minecraft:fly_one_cm":54057,"minecraft:open_chest":5,"minecraft:crouch_one_cm":33955,"minecraft:play_time":46679,"minecraft:deaths":11,"minecraft:sneak_time":14221,"minecraft:jump":195,"minecraft:leave_game":23,"minecraft:time_since_death":8117,"minecraft:total_world_time":46679,"minecraft:fall_one_cm":209},"minecraft:mined":{"minecraft:oak_slab":12,"minecraft:mud":25,"minecraft:iron_ore":5,"minecraft:dandelion":5,"minecraft:cornflower":1,"minecraft:grass":16,"minecraft:coal_ore":6,"minecraft:grass_block":130,"minecraft:oak_log":68,"minecraft:poppy":2,"minecraft:cobblestone_slab":2,"minecraft:dirt":5,"minecraft:tall_grass":5,"minecraft:spruce_leaves":21,"minecraft:stone":63,"minecraft:oak_planks":2,"minecraft:moss_block":60,"minecraft:oak_leaves":37}},"DataVersion":3120}