{"stats":{"minecraft:broken":{"sanitydim:garland":1,"minecraft:stone_pickaxe":1,"minecraft:stone_axe":1,"minecraft:iron_pickaxe":2},"minecraft:killed_by":{"minecraft:ravager":1,"simon:simon_12":1,"sanitydim:rotting_stalker":2,"minecraft:ender_dragon":1,"bwrtherain:vapor":2,"siren_head:siren_head":1,"minecraft:vindicator":3,"sanitydim:sneaking_terror":2,"minecraft:vex":1},"minecraft:dropped":{"minecraft:oak_slab":64,"minecraft:soul_sand":7,"minecraft:moss_block":129,"minecraft:brown_mushroom":1,"minecraft:wheat_seeds":2,"minecraft:cobblestone":219,"minecraft:granite":87,"minecraft:cracked_stone_bricks":6,"minecraft:gold_block":1,"minecraft:dirt":59,"minecraft:diorite":91,"minecraft:bone_meal":1,"minecraft:mud":132,"minecraft:iron_pickaxe":2,"minecraft:spruce_sapling":2,"minecraft:redstone":47,"minecraft:gravel":23,"minecraft:soul_soil":7,"minecraft:oak_trapdoor":1,"minecraft:cobbled_deepslate":44,"minecraft:clay_ball":40,"minecraft:glowstone_dust":5,"minecraft:ender_eye":2,"minecraft:azure_bluet":1,"minecraft:carrot":128,"minecraft:diamond_pickaxe":1,"minecraft:andesite":78,"sanitydim:garland":1,"minecraft:quartz":8,"minecraft:netherrack":11},"minecraft:picked_up":{"minecraft:mud":251,"minecraft:azure_bluet":1,"minecraft:clay_ball":228,"minecraft:brown_mushroom":1,"minecraft:cornflower":1,"minecraft:string":1,"minecraft:oak_trapdoor":1,"minecraft:raw_copper":216,"minecraft:soul_soil":7,"minecraft:iron_axe":1,"minecraft:cracked_stone_bricks":8,"minecraft:cobbled_deepslate":80,"minecraft:gold_nugget":41,"minecraft:bucket":1,"minecraft:redstone_torch":4,"minecraft:poppy":2,"minecraft:iron_pickaxe":2,"minecraft:stick":4,"minecraft:raw_iron":161,"minecraft:end_stone":10,"minecraft:stone_button":1,"minecraft:diorite":143,"minecraft:carrot":400,"minecraft:redstone":225,"minecraft:prismarine_crystals":5,"minecraft:arrow":1,"minecraft:rotten_flesh":2,"minecraft:saddle":1,"minecraft:obsidian":3,"minecraft:cobblestone":663,"minecraft:oxeye_daisy":2,"minecraft:iron_door":1,"minecraft:andesite":128,"minecraft:crimson_fungus":1,"minecraft:oak_log":199,"minecraft:ancient_debris":1,"minecraft:lapis_lazuli":2,"minecraft:dirt":459,"minecraft:bone":2,"minecraft:wheat_seeds":2,"minecraft:raw_gold":68,"minecraft:glowstone_dust":10,"minecraft:moss_block":333,"minecraft:oak_planks":82,"minecraft:soul_sand":7,"minecraft:oak_slab":289,"minecraft:quartz":8,"minecraft:dandelion":11,"minecraft:gravel":23,"minecraft:amethyst_shard":3,"minecraft:spruce_sapling":8,"minecraft:white_bed":2,"minecraft:grass_block":1,"minecraft:dragon_egg":1,"minecraft:spider_eye":1,"minecraft:diamond":36,"minecraft:iron_helmet":1,"minecraft:granite":151,"minecraft:bone_meal":1,"minecraft:emerald":81,"minecraft:netherrack":47,"minecraft:oak_sapling":6,"minecraft:coal":149,"minecraft:diamond_pickaxe":1,"minecraft:ender_pearl":4},"minecraft:crafted":{"minecraft:obsidian":4,"minecraft:oak_planks":260,"minecraft:lightning_rod":1,"minecraft:furnace":1,"sanitydim:garland":2,"minecraft:oak_trapdoor":2,"minecraft:diamond_helmet":1,"minecraft:iron_axe":2,"minecraft:stone_pickaxe":1,"minecraft:chest":2,"minecraft:diamond_boots":1,"minecraft:oak_slab":306,"minecraft:iron_helmet":1,"minecraft:wooden_pickaxe":1,"minecraft:copper_ingot":3,"minecraft:stone_axe":1,"minecraft:air":0,"minecraft:bamboo":6,"minecraft:string":36,"minecraft:white_wool":6,"minecraft:diamond_pickaxe":1,"minecraft:stick":12,"minecraft:iron_ingot":96,"minecraft:iron_pickaxe":3,"minecraft:iron_leggings":1,"minecraft:white_bed":2},"minecraft:used":{"minecraft:oak_trapdoor":1,"minecraft:moss_block":43,"minecraft:flint_and_steel":7,"minecraft:chest":2,"minecraft:netherrack":10,"minecraft:dirt":264,"minecraft:carrot":95,"minecraft:granite":1,"minecraft:obsidian":5,"endofherobrine:blackstone_totem":1,"minecraft:iron_axe":328,"minecraft:bamboo":6,"minecraft:oak_sapling":4,"minecraft:furnace":1,"minecraft:gold_block":2,"minecraft:water_bucket":15,"minecraft:stone_pickaxe":133,"minecraft:oak_planks":252,"minecraft:wooden_pickaxe":14,"minecraft:diamond_axe":92,"minecraft:golden_apple":1,"minecraft:oak_slab":275,"minecraft:white_bed":4,"minecraft:lightning_rod":1,"minecraft:redstone_torch":1,"minecraft:mud":1,"minecraft:ender_eye":7,"minecraft:diamond_pickaxe":1085,"minecraft:apple":1,"minecraft:stone_button":1,"minecraft:iron_pickaxe":845,"minecraft:spruce_sapling":1,"minecraft:stone_axe":131,"minecraft:cobblestone":139,"minecraft:bucket":16},"minecraft:custom":{"minecraft:mob_kills":31,"minecraft:interact_with_crafting_table":35,"minecraft:leave_game":49,"minecraft:time_since_death":3797,"minecraft:sprint_one_cm":229445,"minecraft:walk_one_cm":309323,"minecraft:drop":52,"minecraft:talked_to_villager":58,"minecraft:raid_win":1,"minecraft:play_time":199379,"minecraft:sneak_time":31098,"minecraft:deaths":44,"minecraft:walk_under_water_one_cm":4979,"minecraft:jump":1261,"minecraft:interact_with_blast_furnace":2,"minecraft:walk_on_water_one_cm":5623,"minecraft:total_world_time":199379,"minecraft:interact_with_furnace":25,"minecraft:traded_with_villager":12,"minecraft:sleep_in_bed":11,"minecraft:time_since_rest":3893,"minecraft:damage_taken":20016449,"minecraft:damage_absorbed":40,"minecraft:damage_dealt":5912,"minecraft:fly_one_cm":371780,"minecraft:open_chest":41,"minecraft:crouch_one_cm":76484,"minecraft:fall_one_cm":13669},"minecraft:killed":{"endofherobrine:silverfish":15,"minecraft:vex":1,"minecraft:witch":1,"minecraft:spider":2,"minecraft:skeleton":2,"minecraft:piglin":1,"endofherobrine:villager":1,"minecraft:ravager":1,"minecraft:pillager":2,"minecraft:zombie":3},"minecraft:mined":{"minecraft:nether_gold_ore":5,"minecraft:deepslate_diamond_ore":42,"minecraft:sea_lantern":2,"minecraft:end_stone":10,"minecraft:obsidian":2,"minecraft:granite":64,"minecraft:grass_block":465,"minecraft:soul_soil":8,"minecraft:spruce_leaves":118,"minecraft:moss_block":226,"minecraft:redstone_ore":8,"minecraft:oak_trapdoor":1,"minecraft:glowstone":3,"minecraft:carrots":82,"minecraft:iron_ore":79,"minecraft:andesite":73,"minecraft:deepslate_iron_ore":64,"minecraft:oak_sign":1,"minecraft:cobblestone_slab":2,"minecraft:stone":341,"minecraft:redstone_wall_torch":2,"minecraft:deepslate_redstone_ore":41,"minecraft:oak_slab":27,"minecraft:soul_sand":5,"minecraft:crimson_nylium":4,"minecraft:dandelion":5,"minecraft:clay":77,"minecraft:cornflower":1,"minecraft:poppy":2,"endofherobrine:glowing_obsidian":2,"minecraft:nether_quartz_ore":3,"minecraft:tall_grass":5,"minecraft:copper_ore":10,"minecraft:cobblestone":2,"minecraft:deepslate_coal_ore":99,"minecraft:deepslate_gold_ore":59,"minecraft:oak_planks":5,"endofherobrine:mossy_stone_bricks":4,"minecraft:sculk":1,"minecraft:diorite":74,"minecraft:wall_torch":1,"minecraft:deepslate_copper_ore":51,"minecraft:warped_nylium":6,"minecraft:mud":134,"minecraft:grass":16,"minecraft:oak_log":244,"minecraft:coal_ore":75,"minecraft:dirt":23,"minecraft:cracked_stone_bricks":2,"minecraft:netherrack":12,"minecraft:ancient_debris":8,"minecraft:gold_ore":13,"minecraft:oak_leaves":141,"minecraft:deepslate_emerald_ore":44,"minecraft:deepslate":64}},"DataVersion":3120}