{"stats":{"minecraft:killed":{"minecraft:vex":2,"midnightlurker:villager_outcast":4,"minecraft:spider":2,"mutationcraft:miter":2,"minecraft:pufferfish":1,"endofherobrine:rabbit":1,"mutationcraft:necroptor":2,"minecraft:drowned":5,"mutationcraft:assimilated_roamer":5,"mutationcraft:assimilated_fox":1,"minecraft:turtle":1,"minecraft:wolf":2,"minecraft:rabbit":1,"minecraft:creeper":2,"mutationcraft:assimilated_horse":1,"minecraft:zombie":2,"mutationcraft:assimilated_human":1,"minecraft:stray":1,"mutationcraft:assimilated_bear":1,"mutationcraft:assimilated_vex":1,"endofherobrine:sheep":5,"mutationcraft:assimilated_cow":1},"minecraft:broken":{"minecraft:leather_chestplate":1,"minecraft:stone_pickaxe":2,"minecraft:iron_axe":1,"minecraft:iron_pickaxe":1,"minecraft:iron_helmet":2},"minecraft:crafted":{"minecraft:oak_planks":128,"minecraft:furnace":1,"minecraft:oak_trapdoor":2,"minecraft:dark_oak_door":3,"minecraft:iron_axe":2,"minecraft:stone_pickaxe":3,"minecraft:dark_oak_planks":28,"minecraft:oak_slab":84,"minecraft:wooden_pickaxe":1,"minecraft:iron_helmet":1,"minecraft:bowl":4,"minecraft:birch_planks":8,"minecraft:stone_axe":1,"minecraft:bread":2,"minecraft:air":0,"minecraft:shield":1,"minecraft:stick":28,"minecraft:iron_ingot":15,"minecraft:iron_pickaxe":3,"minecraft:iron_shovel":1},"minecraft:mined":{"minecraft:dark_prismarine":27,"minecraft:diamond_ore":3,"minecraft:oak_sapling":1,"minecraft:mossy_cobblestone":21,"minecraft:dark_oak_log":19,"minecraft:sea_lantern":11,"minecraft:granite":56,"gravestone:gravestone":26,"minecraft:grass_block":157,"minecraft:jungle_log":24,"minecraft:coal_block":1,"minecraft:birch_slab":1,"minecraft:bubble_coral_block":4,"minecraft:tube_coral_block":4,"minecraft:redstone_ore":6,"minecraft:iron_ore":29,"minecraft:fire":16,"minecraft:andesite":51,"minecraft:pumpkin":2,"minecraft:oak_sign":2,"minecraft:packed_ice":18,"minecraft:stone":185,"minecraft:brain_coral_block":4,"minecraft:fire_coral_block":4,"minecraft:spruce_slab":15,"minecraft:podzol":11,"minecraft:oak_slab":9,"minecraft:redstone_block":1,"minecraft:snow_block":65,"minecraft:clay":45,"minecraft:torch":1,"minecraft:sponge":5,"minecraft:melon":7,"minecraft:chest":25,"minecraft:cobblestone":127,"minecraft:oak_planks":1,"minecraft:prismarine":63,"minecraft:diorite":55,"minecraft:prismarine_bricks":24,"minecraft:dead_fire_coral_block":1,"minecraft:birch_planks":1,"minecraft:dark_oak_door":1,"minecraft:birch_log":27,"minecraft:wheat":7,"minecraft:spruce_log":29,"minecraft:birch_door":2,"minecraft:dark_oak_sign":2,"minecraft:coal_ore":44,"minecraft:oak_log":47,"minecraft:gravel":20,"minecraft:dirt":66,"minecraft:gold_ore":10,"minecraft:horn_coral_block":5},"minecraft:killed_by":{"mutationcraft:assimilated_horse":1,"minecraft:player":4,"minecraft:stray":3,"minecraft:creeper":1,"creepingwoods:creature_from_the_woods_chasing":2,"endofherobrine:rabbit":1,"mutationcraft:human_stage_2":1,"minecraft:drowned":3,"endofherobrine:sheep":2,"bwrtherain:vapor":2,"mimicer:mimicer":1,"mutationcraft:necroptor":2,"mutationcraft:assimilated_witch":1,"creepingwoods:creature_from_the_woods_stalking":1,"mutationcraft:assimilated_roamer":1,"minecraft:elder_guardian":1,"mutationcraft:assimilated_enderman":1,"minecraft:vex":1},"minecraft:used":{"minecraft:oak_trapdoor":2,"minecraft:trident":5,"minecraft:writable_book":4,"minecraft:iron_shovel":143,"minecraft:dead_horn_coral_block":1,"minecraft:chest":2,"minecraft:shield":2,"minecraft:torch":1,"minecraft:dirt":47,"minecraft:snowball":11,"minecraft:birch_door":3,"minecraft:lava_bucket":14,"minecraft:iron_axe":368,"minecraft:iron_helmet":1,"minecraft:golden_carrot":8,"mutationcraft:putrid_claw":1,"minecraft:oak_sapling":3,"minecraft:furnace":1,"minecraft:egg":2,"minecraft:wheat_seeds":25,"minecraft:water_bucket":2,"minecraft:diorite":2,"minecraft:birch_planks":8,"minecraft:stone_pickaxe":263,"minecraft:oak_planks":10,"minecraft:wooden_pickaxe":6,"minecraft:oak_slab":84,"minecraft:mushroom_stew":5,"minecraft:dark_oak_door":3,"minecraft:oak_log":1,"minecraft:apple":8,"minecraft:map":1,"minecraft:bread":2,"minecraft:melon_slice":25,"minecraft:iron_pickaxe":574,"minecraft:spruce_sapling":2,"minecraft:pufferfish":1,"minecraft:stone_axe":71,"minecraft:cobblestone":29,"minecraft:andesite":5,"minecraft:bucket":17},"minecraft:dropped":{"minecraft:water_bucket":2,"minecraft:oak_slab":3,"minecraft:lapis_lazuli":2,"minecraft:oak_log":1,"minecraft:mossy_cobblestone":5,"minecraft:lead":2,"minecraft:feather":1,"minecraft:iron_helmet":1,"minecraft:cobblestone":4,"minecraft:prismarine_crystals":7,"minecraft:tube_coral_fan":1,"minecraft:granite":1,"minecraft:cod":1,"minecraft:stick":2,"minecraft:dirt":7,"minecraft:dark_oak_log":2,"minecraft:sponge":1,"minecraft:green_dye":3,"gravestone:obituary":35,"minecraft:writable_book":2,"minecraft:bone_meal":3,"minecraft:iron_axe":1,"minecraft:lily_pad":1,"minecraft:spruce_sapling":1,"minecraft:bone":6,"minecraft:dandelion":2,"minecraft:dark_oak_sign":1,"minecraft:bowl":5,"minecraft:raw_iron":1,"minecraft:rotten_flesh":6,"minecraft:oak_planks":2,"minecraft:prismarine":7,"minecraft:oak_sign":2,"minecraft:filled_map":1,"minecraft:shield":1,"minecraft:iron_chestplate":1,"minecraft:andesite":3,"minecraft:chest":3,"minecraft:bamboo":2,"minecraft:spruce_log":1,"minecraft:spruce_slab":1,"minecraft:arrow":1,"minecraft:bow":1,"minecraft:dead_tube_coral_block":2},"minecraft:custom":{"minecraft:mob_kills":55,"minecraft:interact_with_crafting_table":25,"minecraft:damage_dealt_resisted":281,"minecraft:leave_game":18,"minecraft:time_since_death":1495,"minecraft:sprint_one_cm":270258,"minecraft:walk_one_cm":504981,"minecraft:damage_blocked_by_shield":90,"minecraft:drop":95,"minecraft:damage_dealt_absorbed":539,"minecraft:play_time":161887,"minecraft:sneak_time":10969,"minecraft:deaths":43,"minecraft:walk_under_water_one_cm":17450,"minecraft:jump":1164,"minecraft:walk_on_water_one_cm":3246,"minecraft:total_world_time":161887,"minecraft:interact_with_furnace":11,"minecraft:time_since_rest":1525,"minecraft:damage_taken":20020049,"minecraft:damage_dealt":13867,"minecraft:player_kills":8,"minecraft:swim_one_cm":500,"minecraft:fly_one_cm":213280,"minecraft:open_chest":132,"minecraft:crouch_one_cm":19773,"minecraft:fall_one_cm":109457},"minecraft:picked_up":{"minecraft:cocoa_beans":1,"minecraft:seagrass":2,"minecraft:iron_chestplate":1,"minecraft:birch_door":4,"minecraft:wheat":8,"minecraft:redstone_block":1,"minecraft:clay_ball":176,"minecraft:prismarine_shard":5,"minecraft:lead":2,"minecraft:gold_block":1,"gravestone:obituary":12,"minecraft:dead_horn_coral_block":11,"minecraft:shield":1,"minecraft:string":5,"minecraft:dead_tube_coral_block":7,"minecraft:iron_axe":2,"minecraft:iron_shovel":1,"minecraft:pufferfish":1,"minecraft:oak_sign":3,"minecraft:bucket":1,"minecraft:beef":3,"minecraft:redstone_torch":2,"minecraft:player_head":1,"minecraft:iron_nugget":3,"minecraft:iron_pickaxe":1,"minecraft:spruce_slab":1,"minecraft:melon_slice":60,"minecraft:chest":25,"minecraft:egg":1,"minecraft:dark_oak_door":1,"minecraft:tipped_arrow":3,"minecraft:dark_oak_sapling":2,"minecraft:raw_iron":21,"minecraft:stick":2,"minecraft:bowl":1,"mutationcraft:putrid_claw":12,"minecraft:diorite":39,"minecraft:redstone":21,"minecraft:prismarine_crystals":63,"minecraft:rabbit_foot":2,"minecraft:arrow":2,"minecraft:horn_coral_fan":2,"minecraft:rotten_flesh":11,"minecraft:tropical_fish":3,"minecraft:gold_ingot":15,"minecraft:fire_coral_fan":2,"mutationcraft:putrid_heart":1,"minecraft:mutton":1,"minecraft:cod":5,"minecraft:snowball":166,"minecraft:cobblestone":229,"minecraft:sponge":13,"minecraft:nautilus_shell":3,"minecraft:birch_log":20,"minecraft:leather_chestplate":1,"minecraft:feather":1,"minecraft:jungle_log":27,"minecraft:golden_carrot":8,"minecraft:water_bucket":2,"minecraft:andesite":41,"minecraft:leather":3,"minecraft:birch_planks":9,"minecraft:mushroom_stew":1,"minecraft:oak_log":37,"minecraft:prismarine_bricks":31,"mutationcraft:necroptor_bomb":2,"minecraft:dirt":170,"minecraft:paper":2,"minecraft:bone":10,"mutationcraft:putrid_brain":1,"minecraft:apple":6,"minecraft:bow":1,"minecraft:wheat_seeds":29,"minecraft:raw_gold":14,"minecraft:rabbit_hide":2,"minecraft:iron_ingot":1,"minecraft:dark_oak_sign":2,"minecraft:rabbit":1,"minecraft:prismarine":72,"minecraft:oak_planks":2,"minecraft:green_dye":1,"minecraft:oak_slab":3,"minecraft:dandelion":2,"minecraft:gravel":9,"minecraft:brain_coral_fan":2,"minecraft:dead_fire_coral_block":9,"minecraft:spruce_sapling":1,"minecraft:ink_sac":2,"minecraft:spruce_log":17,"minecraft:dark_oak_log":15,"minecraft:mossy_cobblestone":20,"minecraft:dark_prismarine":18,"minecraft:diamond":2,"minecraft:writable_book":3,"minecraft:dead_bubble_coral_block":6,"minecraft:dead_brain_coral_block":6,"minecraft:iron_helmet":3,"minecraft:granite":41,"minecraft:bone_meal":1,"minecraft:emerald":3,"minecraft:oak_sapling":2,"minecraft:coal":26}},"DataVersion":3120}