{"stats":{"minecraft:dropped":{"minecraft:iron_ingot":1,"minecraft:bread":19,"minecraft:wheat_seeds":11,"minecraft:red_mushroom":1,"minecraft:dirt":7,"minecraft:mud":1,"minecraft:iron_pickaxe":1,"minecraft:spruce_sapling":1,"minecraft:dandelion":1,"minecraft:stone_axe":1,"minecraft:cobbled_deepslate":1,"minecraft:gunpowder":12,"minecraft:hopper":4,"minecraft:arrow":3},"minecraft:mined":{"minecraft:white_bed":5,"minecraft:deepslate_diamond_ore":35,"minecraft:granite":79,"minecraft:grass_block":396,"endofherobrine:armor_stand_base":1,"minecraft:spruce_leaves":131,"minecraft:moss_block":190,"minecraft:redstone_ore":36,"minecraft:iron_ore":122,"minecraft:andesite":59,"minecraft:oak_sign":2,"minecraft:deepslate_iron_ore":57,"minecraft:stone":349,"minecraft:deepslate_redstone_ore":37,"minecraft:oak_slab":32,"minecraft:dandelion":9,"minecraft:clay":59,"minecraft:poppy":1,"minecraft:chest":1,"minecraft:tall_grass":26,"minecraft:copper_ore":24,"endofherobrine:glowing_obsidian":4,"minecraft:cobblestone":25,"minecraft:deepslate_coal_ore":43,"minecraft:deepslate_gold_ore":26,"minecraft:oak_planks":18,"minecraft:diorite":56,"minecraft:deepslate_copper_ore":30,"minecraft:mud":136,"minecraft:wheat":137,"minecraft:grass":61,"minecraft:oak_log":186,"minecraft:coal_ore":133,"minecraft:beetroots":30,"minecraft:dirt":19,"minecraft:gold_ore":31,"minecraft:oak_leaves":103,"minecraft:deepslate_emerald_ore":37,"minecraft:deepslate":30},"minecraft:killed":{"minecraft:spider":2,"minecraft:skeleton":8,"minecraft:zombie_villager":1,"endofherobrine:villager":2,"minecraft:creeper":4,"minecraft:zombie":4,"old_goatman:old_goatman":1},"minecraft:picked_up":{"minecraft:mud":120,"minecraft:wheat":141,"minecraft:clay_ball":224,"minecraft:brown_mushroom":23,"minecraft:string":25,"minecraft:raw_copper":234,"minecraft:oak_sign":2,"minecraft:beetroot":7,"minecraft:cobbled_deepslate":29,"minecraft:bucket":1,"minecraft:poppy":1,"minecraft:iron_pickaxe":1,"minecraft:chest":1,"minecraft:stick":21,"minecraft:raw_iron":164,"minecraft:diorite":54,"minecraft:redstone":313,"minecraft:rotten_flesh":181,"minecraft:arrow":103,"minecraft:stone_shovel":2,"minecraft:beetroot_seeds":43,"minecraft:cobblestone":393,"minecraft:magma_block":1,"minecraft:andesite":73,"minecraft:red_mushroom":11,"minecraft:oak_log":191,"minecraft:gunpowder":122,"minecraft:dirt":357,"minecraft:bone":122,"minecraft:apple":5,"minecraft:bow":2,"minecraft:wheat_seeds":392,"minecraft:raw_gold":68,"minecraft:iron_ingot":16,"minecraft:moss_block":187,"minecraft:oak_planks":48,"minecraft:oak_slab":145,"minecraft:dandelion":11,"minecraft:spruce_sapling":8,"minecraft:white_bed":6,"minecraft:spider_eye":1,"minecraft:slime_ball":8,"minecraft:diamond":84,"minecraft:stone_axe":2,"minecraft:granite":97,"minecraft:emerald":35,"minecraft:oak_sapling":21,"minecraft:coal":163,"minecraft:hopper":2},"minecraft:used":{"minecraft:oak_trapdoor":1,"minecraft:moss_block":16,"minecraft:beetroot":4,"minecraft:iron_shovel":468,"minecraft:stone_shovel":13,"minecraft:oak_sign":2,"minecraft:chest":6,"minecraft:stone_hoe":82,"minecraft:torch":12,"minecraft:dirt":214,"minecraft:diamond_helmet":1,"minecraft:granite":3,"minecraft:iron_axe":294,"minecraft:magma_block":1,"minecraft:bow":21,"minecraft:oak_sapling":19,"minecraft:furnace":1,"minecraft:beetroot_seeds":30,"minecraft:cobbled_deepslate":1,"minecraft:wheat_seeds":217,"minecraft:water_bucket":7,"minecraft:stone_pickaxe":118,"minecraft:oak_planks":7,"minecraft:diamond_axe":35,"minecraft:oak_slab":290,"minecraft:white_bed":6,"minecraft:mud":2,"minecraft:diamond_pickaxe":227,"minecraft:apple":2,"minecraft:bread":9,"minecraft:iron_pickaxe":1272,"minecraft:spruce_sapling":1,"minecraft:stone_axe":120,"minecraft:cobblestone":34,"minecraft:bucket":8,"minecraft:dandelion":1,"minecraft:bone_meal":385},"minecraft:custom":{"minecraft:mob_kills":22,"minecraft:interact_with_crafting_table":48,"minecraft:leave_game":34,"minecraft:time_since_death":0,"minecraft:sprint_one_cm":157901,"minecraft:walk_one_cm":381715,"minecraft:drop":64,"minecraft:talked_to_villager":130,"minecraft:play_time":206846,"minecraft:deaths":18,"minecraft:sneak_time":46586,"minecraft:walk_under_water_one_cm":11070,"minecraft:jump":628,"minecraft:walk_on_water_one_cm":4551,"minecraft:total_world_time":206846,"minecraft:interact_with_furnace":58,"minecraft:traded_with_villager":18,"minecraft:sleep_in_bed":11,"minecraft:time_since_rest":7,"minecraft:damage_taken":5005,"minecraft:damage_dealt":5832,"minecraft:swim_one_cm":1324,"minecraft:fly_one_cm":123183,"minecraft:open_chest":173,"minecraft:crouch_one_cm":64741,"minecraft:fall_one_cm":39266},"minecraft:killed_by":{"sanitydim:rotting_stalker":2,"cartoon_dweller:cartoon_dweller":1,"sanitydim:sneaking_terror":1,"endofherobrine:villager":1},"minecraft:broken":{"minecraft:iron_shovel":1,"minecraft:iron_pickaxe":5},"minecraft:crafted":{"minecraft:oak_planks":464,"minecraft:raw_iron":4,"minecraft:beehive":2,"minecraft:furnace":1,"minecraft:bone_meal":540,"sanitydim:garland":1,"minecraft:raw_copper_block":11,"minecraft:oak_trapdoor":2,"minecraft:hopper":4,"minecraft:diamond_helmet":1,"minecraft:bow":1,"minecraft:diamond_leggings":2,"minecraft:iron_boots":1,"minecraft:iron_axe":3,"minecraft:stone_pickaxe":2,"minecraft:chest":9,"minecraft:diamond_boots":1,"minecraft:redstone_block":15,"minecraft:stone_hoe":1,"minecraft:turtle_helmet":1,"minecraft:oak_slab":318,"minecraft:scute":8,"minecraft:diamond_axe":1,"minecraft:raw_gold_block":4,"minecraft:wheat_seeds":35,"minecraft:dirt":68,"minecraft:bone":46,"minecraft:lava_bucket":1,"minecraft:stone_axe":1,"minecraft:bread":45,"minecraft:air":0,"minecraft:beetroot_seeds":12,"minecraft:string":10,"minecraft:white_wool":2,"minecraft:iron_chestplate":1,"minecraft:diamond_pickaxe":1,"minecraft:shield":1,"minecraft:stick":20,"minecraft:iron_ingot":123,"minecraft:iron_pickaxe":5,"minecraft:iron_shovel":2,"minecraft:iron_leggings":1,"minecraft:torch":12,"minecraft:diamond_chestplate":1}},"DataVersion":3120}