{"stats":{"minecraft:broken":{"minecraft:stone_pickaxe":1,"minecraft:stone_axe":1,"minecraft:iron_pickaxe":2},"minecraft:killed_by":{"sanitydim:rotting_stalker":1,"bwrtherain:vapor":2,"siren_head:siren_head":1},"minecraft:dropped":{"minecraft:moss_block":1,"minecraft:wheat_seeds":2,"minecraft:oak_trapdoor":1,"minecraft:granite":5,"minecraft:azure_bluet":1,"minecraft:carrot":128,"sanitydim:garland":1,"minecraft:bone_meal":1,"minecraft:iron_pickaxe":2},"minecraft:picked_up":{"minecraft:mud":97,"minecraft:azure_bluet":1,"minecraft:clay_ball":184,"minecraft:andesite":47,"minecraft:oak_log":186,"minecraft:dirt":375,"minecraft:cornflower":1,"minecraft:string":1,"minecraft:oak_trapdoor":1,"minecraft:raw_copper":146,"minecraft:bone":1,"minecraft:cracked_stone_bricks":1,"minecraft:wheat_seeds":2,"minecraft:cobbled_deepslate":31,"minecraft:raw_gold":46,"minecraft:bucket":1,"minecraft:redstone_torch":3,"minecraft:poppy":2,"minecraft:iron_pickaxe":1,"minecraft:moss_block":160,"minecraft:oak_planks":57,"minecraft:oak_slab":17,"minecraft:stick":4,"minecraft:raw_iron":116,"minecraft:dandelion":11,"minecraft:spruce_sapling":6,"minecraft:diorite":48,"minecraft:grass_block":1,"minecraft:carrot":384,"minecraft:redstone":134,"minecraft:prismarine_crystals":5,"minecraft:spider_eye":1,"minecraft:arrow":1,"minecraft:rotten_flesh":2,"minecraft:diamond":18,"minecraft:granite":50,"minecraft:bone_meal":1,"minecraft:emerald":27,"minecraft:oak_sapling":6,"minecraft:obsidian":1,"minecraft:coal":124,"minecraft:cobblestone":288,"minecraft:oxeye_daisy":2},"minecraft:crafted":{"minecraft:obsidian":4,"minecraft:oak_slab":306,"minecraft:oak_planks":172,"minecraft:iron_helmet":1,"minecraft:wooden_pickaxe":1,"minecraft:lightning_rod":1,"minecraft:furnace":1,"minecraft:copper_ingot":3,"sanitydim:garland":2,"minecraft:stone_axe":1,"minecraft:air":0,"minecraft:oak_trapdoor":2,"minecraft:bamboo":6,"minecraft:string":36,"minecraft:white_wool":6,"minecraft:diamond_pickaxe":1,"minecraft:iron_axe":2,"minecraft:stick":12,"minecraft:iron_ingot":96,"minecraft:iron_pickaxe":3,"minecraft:stone_pickaxe":1,"minecraft:chest":2,"minecraft:diamond_boots":1,"minecraft:iron_leggings":1,"minecraft:white_bed":2},"minecraft:used":{"minecraft:oak_trapdoor":1,"minecraft:moss_block":43,"minecraft:water_bucket":12,"minecraft:stone_pickaxe":133,"minecraft:oak_planks":2,"minecraft:chest":2,"minecraft:wooden_pickaxe":14,"minecraft:dirt":119,"minecraft:white_bed":2,"minecraft:carrot":84,"minecraft:oak_slab":275,"minecraft:obsidian":5,"minecraft:lightning_rod":1,"minecraft:mud":1,"minecraft:diamond_pickaxe":555,"minecraft:apple":1,"minecraft:iron_axe":328,"minecraft:iron_pickaxe":845,"minecraft:spruce_sapling":1,"minecraft:stone_axe":131,"minecraft:bamboo":6,"minecraft:cobblestone":3,"minecraft:oak_sapling":4,"minecraft:furnace":1,"minecraft:bucket":13},"minecraft:custom":{"minecraft:interact_with_furnace":24,"minecraft:mob_kills":22,"minecraft:traded_with_villager":12,"minecraft:interact_with_crafting_table":34,"minecraft:leave_game":34,"minecraft:time_since_death":20426,"minecraft:sleep_in_bed":6,"minecraft:time_since_rest":6952,"minecraft:sprint_one_cm":121447,"minecraft:damage_taken":20005050,"minecraft:walk_one_cm":221625,"minecraft:drop":16,"minecraft:damage_dealt":2276,"minecraft:fly_one_cm":91395,"minecraft:talked_to_villager":53,"minecraft:play_time":135371,"minecraft:open_chest":34,"minecraft:crouch_one_cm":40125,"minecraft:sneak_time":19112,"minecraft:deaths":19,"minecraft:walk_under_water_one_cm":2788,"minecraft:jump":433,"minecraft:walk_on_water_one_cm":1796,"minecraft:total_world_time":135371,"minecraft:fall_one_cm":1525},"minecraft:killed":{"endofherobrine:silverfish":14,"endofherobrine:villager":1,"minecraft:spider":2,"minecraft:skeleton":1,"minecraft:zombie":2},"minecraft:mined":{"minecraft:deepslate_redstone_ore":26,"minecraft:oak_slab":26,"minecraft:deepslate_diamond_ore":20,"minecraft:dandelion":5,"minecraft:sea_lantern":2,"minecraft:clay":63,"minecraft:obsidian":1,"minecraft:cornflower":1,"minecraft:granite":50,"minecraft:grass_block":411,"minecraft:poppy":2,"endofherobrine:glowing_obsidian":1,"minecraft:copper_ore":10,"minecraft:tall_grass":5,"minecraft:cobblestone":2,"minecraft:deepslate_coal_ore":58,"minecraft:spruce_leaves":96,"minecraft:moss_block":192,"minecraft:deepslate_gold_ore":36,"minecraft:oak_planks":2,"endofherobrine:mossy_stone_bricks":4,"minecraft:diorite":55,"minecraft:deepslate_copper_ore":32,"minecraft:redstone_ore":8,"minecraft:oak_trapdoor":1,"minecraft:carrots":82,"minecraft:mud":112,"minecraft:iron_ore":79,"minecraft:andesite":50,"minecraft:grass":16,"minecraft:oak_log":210,"minecraft:coal_ore":75,"minecraft:cobblestone_slab":2,"minecraft:deepslate_iron_ore":42,"minecraft:dirt":6,"minecraft:cracked_stone_bricks":2,"minecraft:stone":290,"minecraft:gold_ore":13,"minecraft:deepslate_emerald_ore":27,"minecraft:oak_leaves":116,"minecraft:redstone_wall_torch":2,"minecraft:deepslate":33}},"DataVersion":3120}