{"stats":{"minecraft:used":{"minecraft:moss_block":7,"minecraft:dirt":83,"minecraft:oak_slab":185,"minecraft:oak_planks":2},"minecraft:custom":{"minecraft:time_since_rest":139,"minecraft:damage_taken":1440,"minecraft:play_time":20535,"minecraft:crouch_one_cm":25970,"minecraft:sprint_one_cm":13896,"minecraft:walk_one_cm":14521,"minecraft:deaths":6,"minecraft:sneak_time":11101,"minecraft:mob_kills":1,"minecraft:jump":34,"minecraft:damage_dealt":18,"minecraft:leave_game":17,"minecraft:time_since_death":0,"minecraft:total_world_time":20535,"minecraft:interact_with_crafting_table":3,"minecraft:talked_to_villager":5,"minecraft:fall_one_cm":209,"minecraft:fly_one_cm":9846},"minecraft:crafted":{"minecraft:oak_slab":306,"minecraft:oak_planks":100},"minecraft:picked_up":{"minecraft:mud":1,"minecraft:oak_slab":8,"minecraft:oak_log":25,"minecraft:moss_block":23,"minecraft:oak_planks":57,"minecraft:dirt":83,"minecraft:cobblestone":1},"minecraft:mined":{"minecraft:grass_block":68,"minecraft:oak_slab":7,"minecraft:oak_log":26,"minecraft:mud":3,"minecraft:dirt":5,"minecraft:spruce_leaves":3,"minecraft:moss_block":28,"minecraft:oak_planks":2,"minecraft:oak_leaves":2}},"DataVersion":3120}