{"stats":{"minecraft:broken":{"minecraft:stone_pickaxe":1,"minecraft:stone_axe":1},"minecraft:killed_by":{"sanitydim:rotting_stalker":1,"bwrtherain:vapor":2},"minecraft:dropped":{"minecraft:wheat_seeds":2,"minecraft:oak_trapdoor":1,"minecraft:azure_bluet":1,"sanitydim:garland":1,"minecraft:bone_meal":1,"minecraft:iron_pickaxe":1},"minecraft:picked_up":{"minecraft:mud":45,"minecraft:azure_bluet":1,"minecraft:oak_log":92,"minecraft:cornflower":1,"minecraft:oak_trapdoor":1,"minecraft:dirt":187,"minecraft:wheat_seeds":2,"minecraft:bucket":1,"minecraft:poppy":2,"minecraft:iron_pickaxe":1,"minecraft:moss_block":73,"minecraft:oak_planks":57,"minecraft:raw_iron":32,"minecraft:oak_slab":15,"minecraft:stick":2,"minecraft:dandelion":11,"minecraft:spruce_sapling":5,"minecraft:bone_meal":1,"minecraft:oak_sapling":3,"minecraft:coal":24,"minecraft:cobblestone":120,"minecraft:oxeye_daisy":2},"minecraft:crafted":{"minecraft:oak_slab":306,"minecraft:oak_planks":172,"minecraft:wooden_pickaxe":1,"minecraft:furnace":1,"sanitydim:garland":2,"minecraft:stone_axe":1,"minecraft:air":0,"minecraft:oak_trapdoor":2,"minecraft:iron_axe":1,"minecraft:stick":8,"minecraft:iron_ingot":17,"minecraft:iron_pickaxe":1,"minecraft:stone_pickaxe":1},"minecraft:used":{"minecraft:oak_trapdoor":1,"minecraft:moss_block":43,"minecraft:water_bucket":4,"minecraft:stone_pickaxe":133,"minecraft:oak_planks":2,"minecraft:wooden_pickaxe":14,"minecraft:dirt":83,"minecraft:oak_slab":274,"minecraft:mud":1,"minecraft:iron_axe":17,"minecraft:iron_pickaxe":202,"minecraft:spruce_sapling":1,"minecraft:stone_axe":131,"minecraft:oak_sapling":3,"minecraft:furnace":1,"minecraft:bucket":5},"minecraft:custom":{"minecraft:interact_with_furnace":6,"minecraft:mob_kills":1,"minecraft:traded_with_villager":1,"minecraft:interact_with_crafting_table":18,"minecraft:leave_game":24,"minecraft:time_since_death":13992,"minecraft:time_since_rest":14020,"minecraft:sprint_one_cm":69249,"minecraft:damage_taken":20002450,"minecraft:walk_one_cm":84570,"minecraft:drop":7,"minecraft:damage_dealt":18,"minecraft:talked_to_villager":13,"minecraft:fly_one_cm":57108,"minecraft:open_chest":7,"minecraft:crouch_one_cm":38223,"minecraft:play_time":60739,"minecraft:deaths":12,"minecraft:sneak_time":18407,"minecraft:walk_under_water_one_cm":2595,"minecraft:jump":227,"minecraft:walk_on_water_one_cm":900,"minecraft:total_world_time":60739,"minecraft:fall_one_cm":420},"minecraft:mined":{"minecraft:oak_slab":13,"minecraft:dandelion":5,"minecraft:cornflower":1,"minecraft:grass_block":171,"minecraft:poppy":2,"minecraft:tall_grass":5,"minecraft:spruce_leaves":37,"minecraft:oak_planks":2,"minecraft:moss_block":85,"minecraft:oak_trapdoor":1,"minecraft:mud":48,"minecraft:iron_ore":32,"minecraft:grass":16,"minecraft:coal_ore":24,"minecraft:oak_log":93,"minecraft:cobblestone_slab":2,"minecraft:dirt":5,"minecraft:stone":119,"minecraft:oak_leaves":49}},"DataVersion":3120}