{"stats":{"minecraft:broken":{"minecraft:stone_pickaxe":1,"minecraft:stone_axe":1,"minecraft:iron_pickaxe":2},"minecraft:killed_by":{"sanitydim:rotting_stalker":1,"bwrtherain:vapor":2,"siren_head:siren_head":1},"minecraft:dropped":{"minecraft:wheat_seeds":2,"minecraft:oak_trapdoor":1,"minecraft:granite":5,"minecraft:azure_bluet":1,"minecraft:carrot":128,"sanitydim:garland":1,"minecraft:bone_meal":1,"minecraft:iron_pickaxe":2},"minecraft:picked_up":{"minecraft:mud":94,"minecraft:azure_bluet":1,"minecraft:clay_ball":168,"minecraft:andesite":43,"minecraft:oak_log":182,"minecraft:string":1,"minecraft:dirt":360,"minecraft:cornflower":1,"minecraft:oak_trapdoor":1,"minecraft:raw_copper":127,"minecraft:cracked_stone_bricks":1,"minecraft:wheat_seeds":2,"minecraft:cobbled_deepslate":26,"minecraft:raw_gold":41,"minecraft:bucket":1,"minecraft:poppy":2,"minecraft:iron_pickaxe":1,"minecraft:moss_block":148,"minecraft:oak_planks":57,"minecraft:oak_slab":17,"minecraft:stick":4,"minecraft:raw_iron":110,"minecraft:dandelion":11,"minecraft:spruce_sapling":6,"minecraft:diorite":45,"minecraft:grass_block":1,"minecraft:carrot":384,"minecraft:redstone":121,"minecraft:spider_eye":1,"minecraft:rotten_flesh":2,"minecraft:diamond":14,"minecraft:granite":47,"minecraft:bone_meal":1,"minecraft:emerald":21,"minecraft:oak_sapling":6,"minecraft:coal":115,"minecraft:cobblestone":276,"minecraft:oxeye_daisy":2},"minecraft:crafted":{"minecraft:obsidian":4,"minecraft:oak_slab":306,"minecraft:oak_planks":172,"minecraft:wooden_pickaxe":1,"minecraft:iron_helmet":1,"minecraft:furnace":1,"sanitydim:garland":2,"minecraft:stone_axe":1,"minecraft:air":0,"minecraft:oak_trapdoor":2,"minecraft:bamboo":6,"minecraft:string":36,"minecraft:white_wool":6,"minecraft:diamond_pickaxe":1,"minecraft:iron_axe":2,"minecraft:stick":12,"minecraft:iron_ingot":92,"minecraft:iron_pickaxe":3,"minecraft:stone_pickaxe":1,"minecraft:chest":2,"minecraft:diamond_boots":1,"minecraft:iron_leggings":1,"minecraft:white_bed":2},"minecraft:used":{"minecraft:moss_block":43,"minecraft:oak_trapdoor":1,"minecraft:water_bucket":12,"minecraft:stone_pickaxe":133,"minecraft:oak_planks":2,"minecraft:chest":2,"minecraft:wooden_pickaxe":14,"minecraft:dirt":119,"minecraft:oak_slab":275,"minecraft:white_bed":2,"minecraft:carrot":84,"minecraft:obsidian":4,"minecraft:mud":1,"minecraft:diamond_pickaxe":447,"minecraft:apple":1,"minecraft:iron_axe":312,"minecraft:iron_pickaxe":845,"minecraft:spruce_sapling":1,"minecraft:bamboo":6,"minecraft:stone_axe":131,"minecraft:cobblestone":3,"minecraft:furnace":1,"minecraft:oak_sapling":4,"minecraft:bucket":13},"minecraft:custom":{"minecraft:interact_with_furnace":18,"minecraft:mob_kills":21,"minecraft:traded_with_villager":12,"minecraft:interact_with_crafting_table":28,"minecraft:leave_game":33,"minecraft:time_since_death":13496,"minecraft:sleep_in_bed":6,"minecraft:time_since_rest":22,"minecraft:sprint_one_cm":117485,"minecraft:damage_taken":20005049,"minecraft:walk_one_cm":207431,"minecraft:drop":15,"minecraft:damage_dealt":2256,"minecraft:talked_to_villager":53,"minecraft:fly_one_cm":88155,"minecraft:open_chest":24,"minecraft:play_time":128441,"minecraft:crouch_one_cm":40125,"minecraft:sneak_time":19112,"minecraft:deaths":19,"minecraft:walk_under_water_one_cm":2788,"minecraft:jump":408,"minecraft:walk_on_water_one_cm":1796,"minecraft:total_world_time":128441,"minecraft:fall_one_cm":1316},"minecraft:killed":{"endofherobrine:silverfish":14,"endofherobrine:villager":1,"minecraft:spider":2,"minecraft:zombie":2},"minecraft:mined":{"minecraft:deepslate_redstone_ore":22,"minecraft:oak_slab":26,"minecraft:deepslate_diamond_ore":16,"minecraft:dandelion":5,"minecraft:clay":59,"minecraft:cornflower":1,"minecraft:granite":47,"minecraft:grass_block":393,"minecraft:poppy":2,"endofherobrine:mossy_stone_bricks":4,"endofherobrine:glowing_obsidian":1,"minecraft:copper_ore":10,"minecraft:tall_grass":5,"minecraft:cobblestone":1,"minecraft:deepslate_coal_ore":48,"minecraft:spruce_leaves":91,"minecraft:deepslate_gold_ore":31,"minecraft:oak_planks":2,"minecraft:moss_block":180,"minecraft:diorite":51,"minecraft:deepslate_copper_ore":27,"minecraft:redstone_ore":8,"minecraft:oak_trapdoor":1,"minecraft:carrots":82,"minecraft:mud":109,"minecraft:iron_ore":79,"minecraft:andesite":46,"minecraft:grass":16,"minecraft:oak_log":206,"minecraft:coal_ore":75,"minecraft:cobblestone_slab":2,"minecraft:deepslate_iron_ore":35,"minecraft:dirt":6,"minecraft:cracked_stone_bricks":2,"minecraft:stone":280,"minecraft:gold_ore":13,"minecraft:deepslate_emerald_ore":21,"minecraft:oak_leaves":112,"minecraft:deepslate":28}},"DataVersion":3120}