{"stats":{"minecraft:killed_by":{"bwrtherain:vapor":2},"minecraft:picked_up":{"minecraft:oak_slab":13,"minecraft:mud":11,"minecraft:stick":2,"minecraft:oak_log":40,"minecraft:dirt":108,"minecraft:oak_sapling":2,"minecraft:moss_block":36,"minecraft:oak_planks":57,"minecraft:cobblestone":25},"minecraft:crafted":{"minecraft:oak_slab":306,"minecraft:oak_planks":120,"minecraft:stick":4,"minecraft:wooden_pickaxe":1,"minecraft:stone_pickaxe":1,"minecraft:stone_axe":1},"minecraft:used":{"minecraft:moss_block":11,"minecraft:stone_pickaxe":45,"minecraft:oak_planks":2,"minecraft:wooden_pickaxe":14,"minecraft:stone_axe":27,"minecraft:dirt":83,"minecraft:oak_slab":252,"minecraft:oak_sapling":2},"minecraft:custom":{"minecraft:time_since_rest":2069,"minecraft:sprint_one_cm":27856,"minecraft:damage_taken":20001940,"minecraft:walk_one_cm":33886,"minecraft:mob_kills":1,"minecraft:damage_dealt":18,"minecraft:talked_to_villager":9,"minecraft:interact_with_crafting_table":6,"minecraft:fly_one_cm":20073,"minecraft:open_chest":1,"minecraft:crouch_one_cm":33744,"minecraft:play_time":32040,"minecraft:deaths":10,"minecraft:sneak_time":14068,"minecraft:jump":73,"minecraft:leave_game":22,"minecraft:time_since_death":1996,"minecraft:total_world_time":32040,"minecraft:fall_one_cm":209},"minecraft:mined":{"minecraft:oak_slab":12,"minecraft:mud":13,"minecraft:grass_block":92,"minecraft:oak_log":42,"minecraft:dirt":5,"minecraft:spruce_leaves":8,"minecraft:stone":25,"minecraft:oak_planks":2,"minecraft:moss_block":43,"minecraft:oak_leaves":21}},"DataVersion":3120}