{"stats":{"minecraft:broken":{"minecraft:stone_pickaxe":1,"minecraft:stone_axe":1,"minecraft:iron_pickaxe":1},"minecraft:killed_by":{"sanitydim:rotting_stalker":1,"bwrtherain:vapor":2,"siren_head:siren_head":1},"minecraft:dropped":{"minecraft:wheat_seeds":2,"minecraft:oak_trapdoor":1,"minecraft:azure_bluet":1,"sanitydim:garland":1,"minecraft:bone_meal":1,"minecraft:iron_pickaxe":1},"minecraft:picked_up":{"minecraft:mud":70,"minecraft:azure_bluet":1,"minecraft:clay_ball":80,"minecraft:andesite":19,"minecraft:oak_log":140,"minecraft:cornflower":1,"minecraft:dirt":268,"minecraft:oak_trapdoor":1,"minecraft:raw_copper":5,"minecraft:wheat_seeds":2,"minecraft:bucket":1,"minecraft:poppy":2,"minecraft:iron_pickaxe":1,"minecraft:moss_block":112,"minecraft:oak_planks":57,"minecraft:oak_slab":17,"minecraft:stick":2,"minecraft:raw_iron":68,"minecraft:dandelion":11,"minecraft:spruce_sapling":5,"minecraft:diorite":21,"minecraft:grass_block":1,"minecraft:rotten_flesh":2,"minecraft:granite":23,"minecraft:bone_meal":1,"minecraft:oak_sapling":4,"minecraft:coal":63,"minecraft:cobblestone":193,"minecraft:oxeye_daisy":2},"minecraft:crafted":{"minecraft:obsidian":4,"minecraft:oak_slab":306,"minecraft:oak_planks":172,"minecraft:wooden_pickaxe":1,"minecraft:furnace":1,"sanitydim:garland":2,"minecraft:stone_axe":1,"minecraft:air":0,"minecraft:oak_trapdoor":2,"minecraft:string":36,"minecraft:white_wool":6,"minecraft:iron_axe":1,"minecraft:stick":8,"minecraft:iron_ingot":53,"minecraft:iron_pickaxe":1,"minecraft:stone_pickaxe":1,"minecraft:white_bed":2},"minecraft:used":{"minecraft:moss_block":43,"minecraft:oak_trapdoor":1,"minecraft:water_bucket":7,"minecraft:stone_pickaxe":133,"minecraft:oak_planks":2,"minecraft:wooden_pickaxe":14,"minecraft:dirt":108,"minecraft:oak_slab":275,"minecraft:white_bed":2,"minecraft:mud":1,"minecraft:apple":1,"minecraft:iron_axe":122,"minecraft:iron_pickaxe":606,"minecraft:spruce_sapling":1,"minecraft:stone_axe":131,"minecraft:cobblestone":3,"minecraft:furnace":1,"minecraft:oak_sapling":3,"minecraft:bucket":8},"minecraft:custom":{"minecraft:interact_with_furnace":10,"minecraft:mob_kills":4,"minecraft:traded_with_villager":9,"minecraft:interact_with_crafting_table":19,"minecraft:leave_game":27,"minecraft:time_since_death":192,"minecraft:sleep_in_bed":2,"minecraft:time_since_rest":0,"minecraft:sprint_one_cm":77802,"minecraft:damage_taken":20003827,"minecraft:walk_one_cm":107278,"minecraft:drop":7,"minecraft:damage_dealt":511,"minecraft:talked_to_villager":20,"minecraft:fly_one_cm":63384,"minecraft:open_chest":10,"minecraft:crouch_one_cm":38223,"minecraft:play_time":81205,"minecraft:sneak_time":18407,"minecraft:deaths":15,"minecraft:walk_under_water_one_cm":2788,"minecraft:jump":267,"minecraft:walk_on_water_one_cm":1163,"minecraft:total_world_time":81205,"minecraft:fall_one_cm":631},"minecraft:killed":{"endofherobrine:villager":1,"minecraft:spider":1,"minecraft:zombie":1},"minecraft:mined":{"minecraft:oak_slab":15,"minecraft:dandelion":5,"minecraft:clay":23,"minecraft:cornflower":1,"minecraft:granite":23,"minecraft:grass_block":257,"minecraft:poppy":2,"minecraft:tall_grass":5,"minecraft:copper_ore":1,"minecraft:spruce_leaves":59,"minecraft:oak_planks":2,"minecraft:moss_block":128,"minecraft:diorite":22,"minecraft:oak_trapdoor":1,"minecraft:mud":76,"minecraft:iron_ore":70,"minecraft:andesite":23,"minecraft:grass":16,"minecraft:oak_log":144,"minecraft:coal_ore":64,"minecraft:cobblestone_slab":2,"minecraft:dirt":5,"minecraft:stone":195,"minecraft:oak_leaves":77}},"DataVersion":3120}