{"stats":{"minecraft:broken":{"minecraft:stone_pickaxe":1,"minecraft:stone_axe":1,"minecraft:iron_pickaxe":2},"minecraft:killed_by":{"sanitydim:rotting_stalker":1,"bwrtherain:vapor":2,"siren_head:siren_head":1},"minecraft:dropped":{"minecraft:wheat_seeds":2,"minecraft:oak_trapdoor":1,"minecraft:azure_bluet":1,"minecraft:carrot":128,"sanitydim:garland":1,"minecraft:bone_meal":1,"minecraft:iron_pickaxe":2},"minecraft:picked_up":{"minecraft:mud":82,"minecraft:azure_bluet":1,"minecraft:clay_ball":144,"minecraft:andesite":34,"minecraft:oak_log":166,"minecraft:dirt":331,"minecraft:cornflower":1,"minecraft:oak_trapdoor":1,"minecraft:raw_copper":66,"minecraft:wheat_seeds":2,"minecraft:cobbled_deepslate":15,"minecraft:raw_gold":29,"minecraft:bucket":1,"minecraft:poppy":2,"minecraft:iron_pickaxe":1,"minecraft:moss_block":139,"minecraft:oak_planks":57,"minecraft:oak_slab":17,"minecraft:stick":4,"minecraft:raw_iron":92,"minecraft:dandelion":11,"minecraft:spruce_sapling":6,"minecraft:diorite":37,"minecraft:grass_block":1,"minecraft:carrot":380,"minecraft:redstone":96,"minecraft:rotten_flesh":2,"minecraft:diamond":8,"minecraft:granite":39,"minecraft:bone_meal":1,"minecraft:emerald":11,"minecraft:oak_sapling":4,"minecraft:coal":99,"minecraft:cobblestone":243,"minecraft:oxeye_daisy":2},"minecraft:crafted":{"minecraft:obsidian":4,"minecraft:oak_slab":306,"minecraft:oak_planks":172,"minecraft:wooden_pickaxe":1,"minecraft:iron_helmet":1,"minecraft:furnace":1,"sanitydim:garland":2,"minecraft:stone_axe":1,"minecraft:air":0,"minecraft:oak_trapdoor":2,"minecraft:bamboo":6,"minecraft:string":36,"minecraft:white_wool":6,"minecraft:diamond_pickaxe":1,"minecraft:iron_axe":2,"minecraft:stick":12,"minecraft:iron_ingot":74,"minecraft:iron_pickaxe":3,"minecraft:stone_pickaxe":1,"minecraft:chest":2,"minecraft:diamond_boots":1,"minecraft:iron_leggings":1,"minecraft:white_bed":2},"minecraft:used":{"minecraft:moss_block":43,"minecraft:oak_trapdoor":1,"minecraft:water_bucket":10,"minecraft:stone_pickaxe":133,"minecraft:oak_planks":2,"minecraft:chest":2,"minecraft:wooden_pickaxe":14,"minecraft:dirt":119,"minecraft:oak_slab":275,"minecraft:white_bed":2,"minecraft:carrot":82,"minecraft:obsidian":4,"minecraft:mud":1,"minecraft:diamond_pickaxe":209,"minecraft:apple":1,"minecraft:iron_axe":267,"minecraft:iron_pickaxe":845,"minecraft:spruce_sapling":1,"minecraft:bamboo":6,"minecraft:stone_axe":131,"minecraft:cobblestone":3,"minecraft:furnace":1,"minecraft:oak_sapling":3,"minecraft:bucket":11},"minecraft:custom":{"minecraft:interact_with_furnace":15,"minecraft:mob_kills":11,"minecraft:traded_with_villager":12,"minecraft:interact_with_crafting_table":28,"minecraft:leave_game":33,"minecraft:time_since_death":1496,"minecraft:sleep_in_bed":4,"minecraft:time_since_rest":1529,"minecraft:sprint_one_cm":103746,"minecraft:damage_taken":20004945,"minecraft:walk_one_cm":176048,"minecraft:drop":10,"minecraft:damage_dealt":1338,"minecraft:talked_to_villager":52,"minecraft:fly_one_cm":78560,"minecraft:open_chest":18,"minecraft:play_time":116441,"minecraft:crouch_one_cm":39454,"minecraft:sneak_time":18797,"minecraft:deaths":19,"minecraft:walk_under_water_one_cm":2788,"minecraft:jump":367,"minecraft:walk_on_water_one_cm":1492,"minecraft:total_world_time":116441,"minecraft:fall_one_cm":1316},"minecraft:killed":{"endofherobrine:silverfish":6,"endofherobrine:villager":1,"minecraft:spider":1,"minecraft:zombie":2},"minecraft:mined":{"minecraft:deepslate_redstone_ore":16,"minecraft:oak_slab":21,"minecraft:deepslate_diamond_ore":10,"minecraft:dandelion":5,"minecraft:clay":53,"minecraft:cornflower":1,"minecraft:granite":39,"minecraft:grass_block":364,"minecraft:poppy":2,"endofherobrine:glowing_obsidian":1,"minecraft:copper_ore":10,"minecraft:tall_grass":5,"minecraft:cobblestone":1,"minecraft:deepslate_coal_ore":32,"minecraft:spruce_leaves":81,"minecraft:deepslate_gold_ore":19,"minecraft:oak_planks":2,"minecraft:moss_block":170,"minecraft:diorite":42,"minecraft:deepslate_copper_ore":8,"minecraft:redstone_ore":8,"minecraft:oak_trapdoor":1,"minecraft:carrots":80,"minecraft:mud":97,"minecraft:iron_ore":79,"minecraft:andesite":37,"minecraft:grass":16,"minecraft:oak_log":190,"minecraft:coal_ore":75,"minecraft:cobblestone_slab":2,"minecraft:deepslate_iron_ore":17,"minecraft:dirt":6,"minecraft:stone":246,"minecraft:gold_ore":13,"minecraft:deepslate_emerald_ore":11,"minecraft:oak_leaves":103,"minecraft:deepslate":17}},"DataVersion":3120}