{"stats":{"minecraft:broken":{"sanitydim:garland":1,"minecraft:stone_pickaxe":1,"minecraft:stone_axe":1,"minecraft:iron_pickaxe":2},"minecraft:killed_by":{"minecraft:ravager":1,"sanitydim:rotting_stalker":1,"bwrtherain:vapor":2,"siren_head:siren_head":1,"minecraft:vindicator":3,"minecraft:vex":1},"minecraft:dropped":{"minecraft:oak_slab":64,"minecraft:moss_block":129,"minecraft:brown_mushroom":1,"minecraft:wheat_seeds":2,"minecraft:cobblestone":219,"minecraft:granite":87,"minecraft:cracked_stone_bricks":6,"minecraft:dirt":16,"minecraft:diorite":71,"minecraft:bone_meal":1,"minecraft:mud":132,"minecraft:iron_pickaxe":2,"minecraft:gravel":23,"minecraft:oak_trapdoor":1,"minecraft:cobbled_deepslate":17,"minecraft:azure_bluet":1,"minecraft:carrot":128,"minecraft:andesite":61,"sanitydim:garland":1,"minecraft:netherrack":11},"minecraft:picked_up":{"minecraft:mud":242,"minecraft:azure_bluet":1,"minecraft:clay_ball":196,"minecraft:brown_mushroom":1,"minecraft:cornflower":1,"minecraft:oak_trapdoor":1,"minecraft:string":1,"minecraft:raw_copper":160,"minecraft:soul_soil":2,"minecraft:cracked_stone_bricks":7,"minecraft:cobbled_deepslate":61,"minecraft:gold_nugget":11,"minecraft:bucket":1,"minecraft:redstone_torch":3,"minecraft:poppy":2,"minecraft:iron_pickaxe":1,"minecraft:stick":4,"minecraft:raw_iron":125,"minecraft:diorite":126,"minecraft:carrot":400,"minecraft:redstone":155,"minecraft:prismarine_crystals":5,"minecraft:arrow":1,"minecraft:rotten_flesh":2,"minecraft:saddle":1,"minecraft:obsidian":1,"minecraft:cobblestone":643,"minecraft:oxeye_daisy":2,"minecraft:andesite":118,"minecraft:crimson_fungus":1,"minecraft:oak_log":193,"minecraft:dirt":443,"minecraft:bone":1,"minecraft:wheat_seeds":2,"minecraft:raw_gold":54,"minecraft:glowstone_dust":7,"minecraft:moss_block":307,"minecraft:oak_planks":57,"minecraft:soul_sand":4,"minecraft:oak_slab":289,"minecraft:quartz":3,"minecraft:dandelion":11,"minecraft:gravel":23,"minecraft:spruce_sapling":7,"minecraft:white_bed":2,"minecraft:grass_block":1,"minecraft:spider_eye":1,"minecraft:diamond":24,"minecraft:iron_helmet":1,"minecraft:granite":144,"minecraft:bone_meal":1,"minecraft:emerald":32,"minecraft:oak_sapling":6,"minecraft:netherrack":20,"minecraft:coal":136},"minecraft:crafted":{"minecraft:obsidian":4,"minecraft:oak_planks":172,"minecraft:lightning_rod":1,"minecraft:furnace":1,"sanitydim:garland":2,"minecraft:oak_trapdoor":2,"minecraft:iron_axe":2,"minecraft:stone_pickaxe":1,"minecraft:chest":2,"minecraft:diamond_boots":1,"minecraft:oak_slab":306,"minecraft:wooden_pickaxe":1,"minecraft:iron_helmet":1,"minecraft:copper_ingot":3,"minecraft:stone_axe":1,"minecraft:air":0,"minecraft:bamboo":6,"minecraft:string":36,"minecraft:white_wool":6,"minecraft:diamond_pickaxe":1,"minecraft:stick":12,"minecraft:iron_ingot":96,"minecraft:iron_pickaxe":3,"minecraft:iron_leggings":1,"minecraft:white_bed":2},"minecraft:used":{"minecraft:oak_trapdoor":1,"minecraft:moss_block":43,"minecraft:chest":2,"minecraft:dirt":264,"minecraft:carrot":92,"minecraft:granite":1,"minecraft:obsidian":5,"minecraft:iron_axe":328,"minecraft:bamboo":6,"minecraft:oak_sapling":4,"minecraft:furnace":1,"minecraft:water_bucket":12,"minecraft:stone_pickaxe":133,"minecraft:oak_planks":2,"minecraft:wooden_pickaxe":14,"minecraft:diamond_axe":59,"minecraft:golden_apple":1,"minecraft:oak_slab":275,"minecraft:white_bed":4,"minecraft:lightning_rod":1,"minecraft:mud":1,"minecraft:diamond_pickaxe":767,"minecraft:apple":1,"minecraft:iron_pickaxe":845,"minecraft:spruce_sapling":1,"minecraft:stone_axe":131,"minecraft:cobblestone":105,"minecraft:bucket":13},"minecraft:custom":{"minecraft:mob_kills":29,"minecraft:interact_with_crafting_table":34,"minecraft:leave_game":43,"minecraft:time_since_death":0,"minecraft:sprint_one_cm":162800,"minecraft:walk_one_cm":271037,"minecraft:drop":37,"minecraft:talked_to_villager":55,"minecraft:raid_win":1,"minecraft:play_time":164743,"minecraft:deaths":30,"minecraft:sneak_time":28387,"minecraft:walk_under_water_one_cm":2788,"minecraft:jump":638,"minecraft:walk_on_water_one_cm":1796,"minecraft:total_world_time":164743,"minecraft:interact_with_furnace":24,"minecraft:traded_with_villager":12,"minecraft:sleep_in_bed":10,"minecraft:time_since_rest":13,"minecraft:damage_taken":20009774,"minecraft:damage_absorbed":40,"minecraft:damage_dealt":5465,"minecraft:fly_one_cm":143434,"minecraft:open_chest":35,"minecraft:crouch_one_cm":66755,"minecraft:fall_one_cm":2003},"minecraft:killed":{"endofherobrine:silverfish":14,"minecraft:vex":1,"minecraft:witch":1,"minecraft:spider":2,"minecraft:skeleton":2,"minecraft:piglin":1,"endofherobrine:villager":1,"minecraft:ravager":1,"minecraft:pillager":2,"minecraft:zombie":3},"minecraft:mined":{"minecraft:nether_gold_ore":2,"minecraft:deepslate_diamond_ore":29,"minecraft:sea_lantern":2,"minecraft:obsidian":1,"minecraft:granite":57,"minecraft:grass_block":433,"minecraft:soul_soil":3,"minecraft:spruce_leaves":104,"minecraft:moss_block":204,"minecraft:redstone_ore":8,"minecraft:oak_trapdoor":1,"minecraft:glowstone":1,"minecraft:carrots":82,"minecraft:iron_ore":79,"minecraft:andesite":64,"minecraft:deepslate_iron_ore":53,"minecraft:cobblestone_slab":2,"minecraft:oak_sign":1,"minecraft:stone":315,"minecraft:redstone_wall_torch":2,"minecraft:deepslate_redstone_ore":32,"minecraft:oak_slab":27,"minecraft:soul_sand":3,"minecraft:crimson_nylium":1,"minecraft:dandelion":5,"minecraft:clay":69,"minecraft:cornflower":1,"minecraft:poppy":2,"endofherobrine:glowing_obsidian":2,"minecraft:nether_quartz_ore":1,"minecraft:tall_grass":5,"minecraft:copper_ore":10,"minecraft:cobblestone":2,"minecraft:deepslate_coal_ore":74,"minecraft:deepslate_gold_ore":43,"minecraft:oak_planks":2,"endofherobrine:mossy_stone_bricks":4,"minecraft:diorite":62,"minecraft:deepslate_copper_ore":38,"minecraft:warped_nylium":2,"minecraft:mud":124,"minecraft:grass":16,"minecraft:oak_log":222,"minecraft:coal_ore":75,"minecraft:dirt":23,"minecraft:cracked_stone_bricks":2,"minecraft:netherrack":2,"minecraft:ancient_debris":2,"minecraft:oak_leaves":125,"minecraft:gold_ore":13,"minecraft:deepslate_emerald_ore":33,"minecraft:deepslate":47}},"DataVersion":3120}