{"stats":{"minecraft:broken":{"minecraft:stone_pickaxe":1,"minecraft:stone_axe":1,"minecraft:iron_pickaxe":2},"minecraft:killed_by":{"sanitydim:rotting_stalker":1,"bwrtherain:vapor":2,"siren_head:siren_head":1},"minecraft:dropped":{"minecraft:wheat_seeds":2,"minecraft:oak_trapdoor":1,"minecraft:azure_bluet":1,"sanitydim:garland":1,"minecraft:bone_meal":1,"minecraft:iron_pickaxe":1},"minecraft:picked_up":{"minecraft:mud":72,"minecraft:azure_bluet":1,"minecraft:clay_ball":92,"minecraft:andesite":26,"minecraft:oak_log":149,"minecraft:cornflower":1,"minecraft:dirt":279,"minecraft:oak_trapdoor":1,"minecraft:raw_copper":29,"minecraft:wheat_seeds":2,"minecraft:raw_gold":10,"minecraft:bucket":1,"minecraft:poppy":2,"minecraft:iron_pickaxe":1,"minecraft:moss_block":121,"minecraft:oak_planks":57,"minecraft:oak_slab":17,"minecraft:stick":2,"minecraft:raw_iron":75,"minecraft:dandelion":11,"minecraft:spruce_sapling":5,"minecraft:diorite":25,"minecraft:grass_block":1,"minecraft:redstone":20,"minecraft:rotten_flesh":2,"minecraft:granite":27,"minecraft:bone_meal":1,"minecraft:oak_sapling":4,"minecraft:coal":69,"minecraft:cobblestone":205,"minecraft:oxeye_daisy":2},"minecraft:crafted":{"minecraft:obsidian":4,"minecraft:oak_slab":306,"minecraft:oak_planks":172,"minecraft:wooden_pickaxe":1,"minecraft:furnace":1,"sanitydim:garland":2,"minecraft:stone_axe":1,"minecraft:air":0,"minecraft:oak_trapdoor":2,"minecraft:string":36,"minecraft:white_wool":6,"minecraft:iron_axe":2,"minecraft:stick":12,"minecraft:iron_ingot":61,"minecraft:iron_pickaxe":3,"minecraft:stone_pickaxe":1,"minecraft:chest":2,"minecraft:white_bed":2},"minecraft:used":{"minecraft:moss_block":43,"minecraft:oak_trapdoor":1,"minecraft:water_bucket":7,"minecraft:stone_pickaxe":133,"minecraft:oak_planks":2,"minecraft:chest":2,"minecraft:wooden_pickaxe":14,"minecraft:dirt":110,"minecraft:oak_slab":275,"minecraft:white_bed":2,"minecraft:obsidian":4,"minecraft:mud":1,"minecraft:apple":1,"minecraft:iron_axe":168,"minecraft:iron_pickaxe":709,"minecraft:spruce_sapling":1,"minecraft:stone_axe":131,"minecraft:cobblestone":3,"minecraft:furnace":1,"minecraft:oak_sapling":3,"minecraft:bucket":8},"minecraft:custom":{"minecraft:interact_with_furnace":12,"minecraft:mob_kills":4,"minecraft:traded_with_villager":9,"minecraft:interact_with_crafting_table":24,"minecraft:leave_game":27,"minecraft:time_since_death":12192,"minecraft:sleep_in_bed":2,"minecraft:time_since_rest":11978,"minecraft:sprint_one_cm":82065,"minecraft:damage_taken":20003827,"minecraft:walk_one_cm":121138,"minecraft:drop":7,"minecraft:damage_dealt":511,"minecraft:talked_to_villager":42,"minecraft:fly_one_cm":67721,"minecraft:open_chest":12,"minecraft:crouch_one_cm":38285,"minecraft:play_time":93205,"minecraft:sneak_time":18452,"minecraft:deaths":15,"minecraft:walk_under_water_one_cm":2788,"minecraft:jump":292,"minecraft:walk_on_water_one_cm":1163,"minecraft:total_world_time":93205,"minecraft:fall_one_cm":898},"minecraft:killed":{"endofherobrine:villager":1,"minecraft:spider":1,"minecraft:zombie":1},"minecraft:mined":{"minecraft:oak_slab":15,"minecraft:dandelion":5,"minecraft:clay":34,"minecraft:cornflower":1,"minecraft:granite":28,"minecraft:grass_block":281,"minecraft:poppy":2,"minecraft:tall_grass":5,"minecraft:copper_ore":9,"minecraft:spruce_leaves":66,"minecraft:oak_planks":2,"minecraft:moss_block":140,"minecraft:diorite":28,"minecraft:redstone_ore":6,"minecraft:oak_trapdoor":1,"minecraft:mud":80,"minecraft:iron_ore":77,"minecraft:andesite":29,"minecraft:grass":16,"minecraft:oak_log":161,"minecraft:coal_ore":72,"minecraft:cobblestone_slab":2,"minecraft:dirt":5,"minecraft:stone":208,"minecraft:gold_ore":11,"minecraft:oak_leaves":83}},"DataVersion":3120}