{"stats":{"minecraft:broken":{"minecraft:stone_pickaxe":1,"minecraft:stone_axe":1,"minecraft:iron_pickaxe":1},"minecraft:killed_by":{"sanitydim:rotting_stalker":1,"bwrtherain:vapor":2},"minecraft:dropped":{"minecraft:wheat_seeds":2,"minecraft:oak_trapdoor":1,"minecraft:azure_bluet":1,"sanitydim:garland":1,"minecraft:bone_meal":1,"minecraft:iron_pickaxe":1},"minecraft:picked_up":{"minecraft:mud":59,"minecraft:azure_bluet":1,"minecraft:clay_ball":48,"minecraft:andesite":9,"minecraft:oak_log":114,"minecraft:cornflower":1,"minecraft:oak_trapdoor":1,"minecraft:dirt":237,"minecraft:wheat_seeds":2,"minecraft:bucket":1,"minecraft:poppy":2,"minecraft:iron_pickaxe":1,"minecraft:moss_block":93,"minecraft:oak_planks":57,"minecraft:raw_iron":59,"minecraft:oak_slab":17,"minecraft:stick":2,"minecraft:dandelion":11,"minecraft:spruce_sapling":5,"minecraft:diorite":10,"minecraft:granite":12,"minecraft:bone_meal":1,"minecraft:oak_sapling":3,"minecraft:coal":46,"minecraft:cobblestone":160,"minecraft:oxeye_daisy":2},"minecraft:crafted":{"minecraft:oak_slab":306,"minecraft:oak_planks":172,"minecraft:wooden_pickaxe":1,"minecraft:furnace":1,"sanitydim:garland":2,"minecraft:stone_axe":1,"minecraft:air":0,"minecraft:oak_trapdoor":2,"minecraft:string":36,"minecraft:white_wool":6,"minecraft:iron_axe":1,"minecraft:stick":8,"minecraft:iron_ingot":20,"minecraft:iron_pickaxe":1,"minecraft:stone_pickaxe":1,"minecraft:white_bed":2},"minecraft:used":{"minecraft:moss_block":43,"minecraft:oak_trapdoor":1,"minecraft:water_bucket":6,"minecraft:stone_pickaxe":133,"minecraft:oak_planks":2,"minecraft:wooden_pickaxe":14,"minecraft:dirt":84,"minecraft:oak_slab":275,"minecraft:white_bed":2,"minecraft:mud":1,"minecraft:apple":1,"minecraft:iron_axe":66,"minecraft:iron_pickaxe":441,"minecraft:spruce_sapling":1,"minecraft:stone_axe":131,"minecraft:cobblestone":3,"minecraft:furnace":1,"minecraft:oak_sapling":3,"minecraft:bucket":7},"minecraft:custom":{"minecraft:interact_with_furnace":7,"minecraft:mob_kills":2,"minecraft:traded_with_villager":5,"minecraft:interact_with_crafting_table":19,"minecraft:leave_game":24,"minecraft:time_since_death":22902,"minecraft:sleep_in_bed":1,"minecraft:time_since_rest":4307,"minecraft:sprint_one_cm":72102,"minecraft:damage_taken":20002610,"minecraft:walk_one_cm":91889,"minecraft:drop":7,"minecraft:damage_dealt":151,"minecraft:talked_to_villager":18,"minecraft:fly_one_cm":58224,"minecraft:open_chest":7,"minecraft:crouch_one_cm":38223,"minecraft:play_time":69649,"minecraft:deaths":12,"minecraft:sneak_time":18407,"minecraft:walk_under_water_one_cm":2788,"minecraft:jump":242,"minecraft:walk_on_water_one_cm":1126,"minecraft:total_world_time":69649,"minecraft:fall_one_cm":631},"minecraft:killed":{"endofherobrine:villager":1},"minecraft:mined":{"minecraft:oak_slab":14,"minecraft:dandelion":5,"minecraft:clay":14,"minecraft:cornflower":1,"minecraft:granite":12,"minecraft:grass_block":225,"minecraft:poppy":2,"minecraft:tall_grass":5,"minecraft:spruce_leaves":49,"minecraft:oak_planks":2,"minecraft:moss_block":107,"minecraft:diorite":11,"minecraft:oak_trapdoor":1,"minecraft:mud":63,"minecraft:iron_ore":59,"minecraft:andesite":14,"minecraft:grass":16,"minecraft:oak_log":118,"minecraft:coal_ore":47,"minecraft:cobblestone_slab":2,"minecraft:dirt":5,"minecraft:stone":162,"minecraft:oak_leaves":61}},"DataVersion":3120}