{"stats":{"minecraft:killed":{"midnightlurker:villager_outcast":4,"minecraft:spider":2,"minecraft:pufferfish":1,"endofherobrine:rabbit":1,"mutationcraft:necroptor":1,"mutationcraft:assimilated_roamer":1,"minecraft:drowned":5,"mutationcraft:assimilated_fox":1,"minecraft:turtle":1,"minecraft:wolf":2,"minecraft:rabbit":1,"minecraft:creeper":2,"mutationcraft:assimilated_horse":1,"minecraft:zombie":2,"mutationcraft:assimilated_human":1,"minecraft:stray":1,"mutationcraft:assimilated_bear":1,"mutationcraft:assimilated_vex":1,"endofherobrine:sheep":5,"mutationcraft:assimilated_cow":1},"minecraft:broken":{"minecraft:leather_chestplate":1,"minecraft:stone_pickaxe":2,"minecraft:iron_axe":1,"minecraft:iron_pickaxe":1,"minecraft:iron_helmet":1},"minecraft:crafted":{"minecraft:oak_planks":128,"minecraft:furnace":1,"minecraft:oak_trapdoor":2,"minecraft:dark_oak_door":3,"minecraft:iron_axe":2,"minecraft:stone_pickaxe":3,"minecraft:dark_oak_planks":28,"minecraft:oak_slab":84,"minecraft:wooden_pickaxe":1,"minecraft:iron_helmet":1,"minecraft:bowl":4,"minecraft:birch_planks":8,"minecraft:stone_axe":1,"minecraft:bread":2,"minecraft:air":0,"minecraft:shield":1,"minecraft:stick":28,"minecraft:iron_ingot":15,"minecraft:iron_pickaxe":3,"minecraft:iron_shovel":1},"minecraft:mined":{"minecraft:dark_prismarine":27,"minecraft:diamond_ore":1,"minecraft:oak_sapling":1,"minecraft:dark_oak_log":17,"minecraft:sea_lantern":10,"gravestone:gravestone":26,"minecraft:granite":55,"minecraft:grass_block":152,"minecraft:coal_block":1,"minecraft:bubble_coral_block":4,"minecraft:tube_coral_block":2,"minecraft:iron_ore":25,"minecraft:fire":16,"minecraft:andesite":51,"minecraft:pumpkin":2,"minecraft:oak_sign":2,"minecraft:packed_ice":18,"minecraft:stone":182,"minecraft:brain_coral_block":4,"minecraft:fire_coral_block":4,"minecraft:podzol":11,"minecraft:oak_slab":3,"minecraft:snow_block":65,"minecraft:clay":45,"minecraft:torch":1,"minecraft:sponge":4,"minecraft:melon":7,"minecraft:chest":20,"minecraft:cobblestone":1,"minecraft:prismarine":55,"minecraft:oak_planks":1,"minecraft:diorite":53,"minecraft:prismarine_bricks":23,"minecraft:dead_fire_coral_block":1,"minecraft:dark_oak_door":1,"minecraft:birch_log":27,"minecraft:wheat":7,"minecraft:spruce_log":28,"minecraft:birch_door":2,"minecraft:oak_log":47,"minecraft:coal_ore":38,"minecraft:dark_oak_sign":2,"minecraft:gravel":20,"minecraft:dirt":51,"minecraft:gold_ore":8,"minecraft:horn_coral_block":5},"minecraft:killed_by":{"mutationcraft:assimilated_horse":1,"minecraft:player":1,"minecraft:stray":3,"minecraft:creeper":1,"creepingwoods:creature_from_the_woods_chasing":2,"endofherobrine:rabbit":1,"minecraft:drowned":3,"endofherobrine:sheep":2,"bwrtherain:vapor":2,"mimicer:mimicer":1,"creepingwoods:creature_from_the_woods_stalking":1,"mutationcraft:assimilated_roamer":1,"mutationcraft:assimilated_enderman":1,"minecraft:elder_guardian":1},"minecraft:used":{"minecraft:oak_trapdoor":2,"minecraft:writable_book":4,"minecraft:iron_shovel":125,"minecraft:dead_horn_coral_block":1,"minecraft:chest":2,"minecraft:shield":1,"minecraft:torch":1,"minecraft:dirt":47,"minecraft:snowball":11,"minecraft:birch_door":3,"minecraft:lava_bucket":1,"minecraft:iron_axe":248,"minecraft:iron_helmet":1,"minecraft:golden_carrot":3,"mutationcraft:putrid_claw":1,"minecraft:oak_sapling":3,"minecraft:furnace":1,"minecraft:egg":2,"minecraft:wheat_seeds":25,"minecraft:water_bucket":2,"minecraft:birch_planks":8,"minecraft:stone_pickaxe":263,"minecraft:oak_planks":10,"minecraft:wooden_pickaxe":6,"minecraft:oak_slab":84,"minecraft:mushroom_stew":5,"minecraft:dark_oak_door":3,"minecraft:oak_log":1,"minecraft:apple":8,"minecraft:bread":2,"minecraft:melon_slice":25,"minecraft:iron_pickaxe":382,"minecraft:spruce_sapling":2,"minecraft:pufferfish":1,"minecraft:stone_axe":71,"minecraft:cobblestone":19,"minecraft:andesite":5,"minecraft:bucket":4},"minecraft:dropped":{"minecraft:water_bucket":2,"minecraft:oak_slab":1,"minecraft:iron_helmet":1,"minecraft:cobblestone":1,"minecraft:tube_coral_fan":1,"minecraft:cod":1,"minecraft:dirt":2,"gravestone:obituary":35,"minecraft:writable_book":2,"minecraft:iron_axe":1,"minecraft:lily_pad":1,"minecraft:dark_oak_sign":1,"minecraft:bowl":5,"minecraft:oak_sign":2,"minecraft:shield":1,"minecraft:iron_chestplate":1,"minecraft:bow":1},"minecraft:custom":{"minecraft:mob_kills":39,"minecraft:interact_with_crafting_table":20,"minecraft:damage_dealt_resisted":281,"minecraft:leave_game":15,"minecraft:time_since_death":691,"minecraft:sprint_one_cm":230265,"minecraft:walk_one_cm":420264,"minecraft:drop":59,"minecraft:damage_dealt_absorbed":539,"minecraft:play_time":138480,"minecraft:sneak_time":10740,"minecraft:deaths":33,"minecraft:walk_under_water_one_cm":17450,"minecraft:jump":975,"minecraft:walk_on_water_one_cm":2048,"minecraft:total_world_time":138480,"minecraft:interact_with_furnace":11,"minecraft:time_since_rest":724,"minecraft:damage_taken":20014572,"minecraft:damage_dealt":10079,"minecraft:player_kills":3,"minecraft:swim_one_cm":500,"minecraft:fly_one_cm":183378,"minecraft:open_chest":110,"minecraft:crouch_one_cm":18455,"minecraft:fall_one_cm":84359},"minecraft:picked_up":{"minecraft:seagrass":2,"minecraft:iron_chestplate":1,"minecraft:birch_door":4,"minecraft:wheat":8,"minecraft:clay_ball":176,"minecraft:prismarine_shard":5,"minecraft:gold_block":1,"gravestone:obituary":12,"minecraft:dead_horn_coral_block":11,"minecraft:shield":1,"minecraft:string":5,"minecraft:dead_tube_coral_block":5,"minecraft:iron_axe":2,"minecraft:iron_shovel":1,"minecraft:pufferfish":1,"minecraft:oak_sign":2,"minecraft:bucket":1,"minecraft:beef":3,"minecraft:iron_nugget":3,"minecraft:iron_pickaxe":1,"minecraft:melon_slice":60,"minecraft:chest":21,"minecraft:egg":1,"minecraft:dark_oak_door":1,"minecraft:tipped_arrow":3,"minecraft:dark_oak_sapling":2,"minecraft:raw_iron":18,"minecraft:bowl":1,"mutationcraft:putrid_claw":8,"minecraft:diorite":37,"minecraft:prismarine_crystals":63,"minecraft:rabbit_foot":2,"minecraft:horn_coral_fan":2,"minecraft:rotten_flesh":11,"minecraft:tropical_fish":3,"minecraft:gold_ingot":15,"minecraft:fire_coral_fan":2,"minecraft:mutton":1,"mutationcraft:putrid_heart":1,"minecraft:cod":5,"minecraft:snowball":166,"minecraft:sponge":12,"minecraft:cobblestone":145,"minecraft:nautilus_shell":3,"minecraft:birch_log":20,"minecraft:leather_chestplate":1,"minecraft:golden_carrot":8,"minecraft:water_bucket":2,"minecraft:andesite":38,"minecraft:leather":2,"minecraft:birch_planks":7,"minecraft:mushroom_stew":1,"minecraft:oak_log":36,"minecraft:prismarine_bricks":30,"mutationcraft:necroptor_bomb":2,"minecraft:dirt":162,"minecraft:bone":4,"mutationcraft:putrid_brain":1,"minecraft:apple":6,"minecraft:bow":1,"minecraft:wheat_seeds":29,"minecraft:raw_gold":12,"minecraft:rabbit_hide":2,"minecraft:iron_ingot":1,"minecraft:dark_oak_sign":2,"minecraft:rabbit":1,"minecraft:prismarine":64,"minecraft:oak_planks":2,"minecraft:oak_slab":1,"minecraft:gravel":9,"minecraft:brain_coral_fan":2,"minecraft:dead_fire_coral_block":9,"minecraft:ink_sac":2,"minecraft:spruce_log":16,"minecraft:dark_oak_log":13,"minecraft:dark_prismarine":18,"minecraft:diamond":1,"minecraft:writable_book":3,"minecraft:dead_bubble_coral_block":6,"minecraft:dead_brain_coral_block":6,"minecraft:iron_helmet":3,"minecraft:granite":40,"minecraft:bone_meal":1,"minecraft:emerald":3,"minecraft:oak_sapling":2,"minecraft:coal":23}},"DataVersion":3120}