{"stats":{"minecraft:killed":{"minecraft:vex":1,"midnightlurker:villager_outcast":4,"minecraft:spider":2,"minecraft:pufferfish":1,"endofherobrine:rabbit":1,"mutationcraft:necroptor":2,"minecraft:drowned":5,"mutationcraft:assimilated_roamer":3,"mutationcraft:assimilated_fox":1,"minecraft:turtle":1,"minecraft:wolf":2,"minecraft:rabbit":1,"minecraft:creeper":2,"mutationcraft:assimilated_horse":1,"minecraft:zombie":2,"mutationcraft:assimilated_human":1,"minecraft:stray":1,"mutationcraft:assimilated_bear":1,"mutationcraft:assimilated_vex":1,"endofherobrine:sheep":5,"mutationcraft:assimilated_cow":1},"minecraft:broken":{"minecraft:leather_chestplate":1,"minecraft:stone_pickaxe":2,"minecraft:iron_axe":1,"minecraft:iron_pickaxe":1,"minecraft:iron_helmet":2},"minecraft:crafted":{"minecraft:oak_planks":128,"minecraft:furnace":1,"minecraft:oak_trapdoor":2,"minecraft:dark_oak_door":3,"minecraft:iron_axe":2,"minecraft:stone_pickaxe":3,"minecraft:dark_oak_planks":28,"minecraft:oak_slab":84,"minecraft:wooden_pickaxe":1,"minecraft:iron_helmet":1,"minecraft:bowl":4,"minecraft:birch_planks":8,"minecraft:stone_axe":1,"minecraft:bread":2,"minecraft:air":0,"minecraft:shield":1,"minecraft:stick":28,"minecraft:iron_ingot":15,"minecraft:iron_pickaxe":3,"minecraft:iron_shovel":1},"minecraft:mined":{"minecraft:diamond_ore":2,"minecraft:dark_prismarine":27,"minecraft:oak_sapling":1,"minecraft:mossy_cobblestone":7,"minecraft:dark_oak_log":19,"minecraft:sea_lantern":11,"minecraft:granite":56,"gravestone:gravestone":26,"minecraft:grass_block":153,"minecraft:coal_block":1,"minecraft:bubble_coral_block":4,"minecraft:tube_coral_block":4,"minecraft:redstone_ore":1,"minecraft:iron_ore":27,"minecraft:fire":16,"minecraft:andesite":51,"minecraft:pumpkin":2,"minecraft:oak_sign":2,"minecraft:packed_ice":18,"minecraft:stone":184,"minecraft:brain_coral_block":4,"minecraft:fire_coral_block":4,"minecraft:podzol":11,"minecraft:oak_slab":3,"minecraft:snow_block":65,"minecraft:clay":45,"minecraft:torch":1,"minecraft:sponge":5,"minecraft:melon":7,"minecraft:chest":23,"minecraft:cobblestone":37,"minecraft:oak_planks":1,"minecraft:prismarine":61,"minecraft:diorite":55,"minecraft:prismarine_bricks":23,"minecraft:dead_fire_coral_block":1,"minecraft:dark_oak_door":1,"minecraft:birch_log":27,"minecraft:wheat":7,"minecraft:spruce_log":29,"minecraft:birch_door":2,"minecraft:dark_oak_sign":2,"minecraft:coal_ore":41,"minecraft:oak_log":47,"minecraft:gravel":20,"minecraft:dirt":66,"minecraft:gold_ore":10,"minecraft:horn_coral_block":5},"minecraft:killed_by":{"mutationcraft:assimilated_horse":1,"minecraft:player":4,"minecraft:stray":3,"minecraft:creeper":1,"creepingwoods:creature_from_the_woods_chasing":2,"endofherobrine:rabbit":1,"mutationcraft:human_stage_2":1,"minecraft:drowned":3,"endofherobrine:sheep":2,"bwrtherain:vapor":2,"mimicer:mimicer":1,"mutationcraft:necroptor":1,"creepingwoods:creature_from_the_woods_stalking":1,"mutationcraft:assimilated_roamer":1,"minecraft:elder_guardian":1,"mutationcraft:assimilated_enderman":1},"minecraft:used":{"minecraft:oak_trapdoor":2,"minecraft:trident":5,"minecraft:writable_book":4,"minecraft:iron_shovel":143,"minecraft:dead_horn_coral_block":1,"minecraft:chest":2,"minecraft:shield":2,"minecraft:torch":1,"minecraft:dirt":47,"minecraft:snowball":11,"minecraft:birch_door":3,"minecraft:lava_bucket":9,"minecraft:iron_axe":288,"minecraft:iron_helmet":1,"minecraft:golden_carrot":7,"mutationcraft:putrid_claw":1,"minecraft:oak_sapling":3,"minecraft:furnace":1,"minecraft:egg":2,"minecraft:wheat_seeds":25,"minecraft:water_bucket":2,"minecraft:diorite":1,"minecraft:birch_planks":8,"minecraft:stone_pickaxe":263,"minecraft:oak_planks":10,"minecraft:wooden_pickaxe":6,"minecraft:oak_slab":84,"minecraft:mushroom_stew":5,"minecraft:dark_oak_door":3,"minecraft:oak_log":1,"minecraft:apple":8,"minecraft:bread":2,"minecraft:melon_slice":25,"minecraft:iron_pickaxe":452,"minecraft:spruce_sapling":2,"minecraft:pufferfish":1,"minecraft:stone_axe":71,"minecraft:cobblestone":19,"minecraft:andesite":5,"minecraft:bucket":12},"minecraft:dropped":{"minecraft:water_bucket":2,"minecraft:oak_slab":1,"minecraft:lead":1,"minecraft:iron_helmet":1,"minecraft:cobblestone":4,"minecraft:prismarine_crystals":7,"minecraft:tube_coral_fan":1,"minecraft:granite":1,"minecraft:cod":1,"minecraft:stick":1,"minecraft:dirt":3,"minecraft:dark_oak_log":2,"minecraft:sponge":1,"gravestone:obituary":35,"minecraft:writable_book":2,"minecraft:iron_axe":1,"minecraft:lily_pad":1,"minecraft:bone":6,"minecraft:dark_oak_sign":1,"minecraft:bowl":5,"minecraft:raw_iron":1,"minecraft:rotten_flesh":6,"minecraft:oak_planks":2,"minecraft:prismarine":6,"minecraft:oak_sign":2,"minecraft:shield":1,"minecraft:iron_chestplate":1,"minecraft:spruce_log":1,"minecraft:arrow":1,"minecraft:bow":1,"minecraft:dead_tube_coral_block":2},"minecraft:custom":{"minecraft:mob_kills":47,"minecraft:interact_with_crafting_table":25,"minecraft:damage_dealt_resisted":281,"minecraft:leave_game":16,"minecraft:time_since_death":1640,"minecraft:sprint_one_cm":246016,"minecraft:walk_one_cm":467402,"minecraft:damage_blocked_by_shield":90,"minecraft:drop":75,"minecraft:damage_dealt_absorbed":539,"minecraft:play_time":150116,"minecraft:sneak_time":10969,"minecraft:deaths":39,"minecraft:walk_under_water_one_cm":17450,"minecraft:jump":1089,"minecraft:walk_on_water_one_cm":3246,"minecraft:total_world_time":150116,"minecraft:interact_with_furnace":11,"minecraft:time_since_rest":1670,"minecraft:damage_taken":20016684,"minecraft:damage_dealt":12262,"minecraft:player_kills":8,"minecraft:swim_one_cm":500,"minecraft:fly_one_cm":198804,"minecraft:open_chest":117,"minecraft:crouch_one_cm":19773,"minecraft:fall_one_cm":84835},"minecraft:picked_up":{"minecraft:seagrass":2,"minecraft:iron_chestplate":1,"minecraft:birch_door":4,"minecraft:wheat":8,"minecraft:clay_ball":176,"minecraft:prismarine_shard":5,"minecraft:lead":2,"minecraft:gold_block":1,"gravestone:obituary":12,"minecraft:dead_horn_coral_block":11,"minecraft:shield":1,"minecraft:string":5,"minecraft:dead_tube_coral_block":7,"minecraft:iron_axe":2,"minecraft:iron_shovel":1,"minecraft:pufferfish":1,"minecraft:oak_sign":2,"minecraft:bucket":1,"minecraft:beef":3,"minecraft:player_head":1,"minecraft:iron_nugget":3,"minecraft:iron_pickaxe":1,"minecraft:melon_slice":60,"minecraft:chest":23,"minecraft:egg":1,"minecraft:dark_oak_door":1,"minecraft:tipped_arrow":3,"minecraft:dark_oak_sapling":2,"minecraft:stick":2,"minecraft:raw_iron":19,"minecraft:bowl":1,"mutationcraft:putrid_claw":10,"minecraft:diorite":39,"minecraft:redstone":4,"minecraft:prismarine_crystals":63,"minecraft:rabbit_foot":2,"minecraft:arrow":1,"minecraft:horn_coral_fan":2,"minecraft:rotten_flesh":11,"minecraft:tropical_fish":3,"minecraft:gold_ingot":15,"minecraft:fire_coral_fan":2,"minecraft:mutton":1,"mutationcraft:putrid_heart":1,"minecraft:cod":5,"minecraft:snowball":166,"minecraft:sponge":13,"minecraft:cobblestone":162,"minecraft:nautilus_shell":3,"minecraft:birch_log":20,"minecraft:leather_chestplate":1,"minecraft:golden_carrot":8,"minecraft:water_bucket":2,"minecraft:andesite":38,"minecraft:leather":3,"minecraft:birch_planks":7,"minecraft:mushroom_stew":1,"minecraft:oak_log":36,"minecraft:prismarine_bricks":30,"mutationcraft:necroptor_bomb":2,"minecraft:dirt":163,"minecraft:bone":10,"mutationcraft:putrid_brain":1,"minecraft:apple":6,"minecraft:bow":1,"minecraft:wheat_seeds":29,"minecraft:raw_gold":14,"minecraft:rabbit_hide":2,"minecraft:iron_ingot":1,"minecraft:dark_oak_sign":2,"minecraft:rabbit":1,"minecraft:prismarine":70,"minecraft:oak_planks":2,"minecraft:oak_slab":1,"minecraft:gravel":9,"minecraft:brain_coral_fan":2,"minecraft:dead_fire_coral_block":9,"minecraft:ink_sac":2,"minecraft:spruce_log":17,"minecraft:dark_oak_log":15,"minecraft:dark_prismarine":18,"minecraft:diamond":1,"minecraft:writable_book":3,"minecraft:dead_bubble_coral_block":6,"minecraft:dead_brain_coral_block":6,"minecraft:iron_helmet":3,"minecraft:granite":41,"minecraft:bone_meal":1,"minecraft:emerald":3,"minecraft:oak_sapling":2,"minecraft:coal":23}},"DataVersion":3120}