{"stats":{"minecraft:mined":{"minecraft:oak_slab":7,"minecraft:mud":8,"minecraft:iron_ore":12,"minecraft:coal_ore":7,"minecraft:grass_block":43,"minecraft:oak_log":12,"minecraft:dirt":11,"minecraft:spruce_leaves":9,"minecraft:stone":30,"minecraft:oak_planks":2,"minecraft:moss_block":18,"minecraft:oak_leaves":4},"minecraft:crafted":{"minecraft:beetroot_seeds":12,"minecraft:oak_slab":132,"minecraft:oak_planks":24,"minecraft:stick":12,"minecraft:stone_pickaxe":2,"minecraft:stone_hoe":1,"minecraft:stone_axe":1},"minecraft:used":{"minecraft:moss_block":6,"minecraft:water_bucket":1,"minecraft:stone_shovel":13,"minecraft:stone_pickaxe":89,"minecraft:oak_planks":3,"minecraft:stone_axe":62,"minecraft:dirt":56,"minecraft:cobblestone":1,"minecraft:oak_slab":180,"minecraft:oak_sapling":2,"minecraft:bucket":2},"minecraft:killed_by":{"sanitydim:sneaking_terror":1,"sanitydim:rotting_stalker":1},"minecraft:custom":{"minecraft:time_since_rest":11134,"minecraft:interact_with_furnace":6,"minecraft:sprint_one_cm":28591,"minecraft:damage_taken":1637,"minecraft:walk_one_cm":48679,"minecraft:damage_dealt":1006,"minecraft:traded_with_villager":2,"minecraft:talked_to_villager":34,"minecraft:interact_with_crafting_table":7,"minecraft:fly_one_cm":18160,"minecraft:open_chest":18,"minecraft:crouch_one_cm":30403,"minecraft:play_time":32073,"minecraft:deaths":6,"minecraft:sneak_time":13642,"minecraft:jump":86,"minecraft:leave_game":10,"minecraft:time_since_death":11038,"minecraft:total_world_time":32073,"minecraft:fall_one_cm":37172},"minecraft:picked_up":{"minecraft:oak_slab":110,"minecraft:mud":3,"minecraft:stick":1,"minecraft:raw_iron":7,"minecraft:oak_log":9,"minecraft:dirt":36,"minecraft:stone_shovel":2,"minecraft:stone_axe":1,"minecraft:bucket":1,"minecraft:oak_sapling":2,"minecraft:moss_block":8,"minecraft:oak_planks":1,"minecraft:coal":5,"minecraft:cobblestone":33}},"DataVersion":3120}