{"stats":{"minecraft:broken":{"minecraft:stone_pickaxe":1,"minecraft:stone_axe":1,"minecraft:iron_pickaxe":2},"minecraft:killed_by":{"sanitydim:rotting_stalker":1,"bwrtherain:vapor":2,"siren_head:siren_head":1},"minecraft:dropped":{"minecraft:wheat_seeds":2,"minecraft:oak_trapdoor":1,"minecraft:azure_bluet":1,"minecraft:carrot":128,"sanitydim:garland":1,"minecraft:bone_meal":1,"minecraft:iron_pickaxe":2},"minecraft:picked_up":{"minecraft:mud":73,"minecraft:azure_bluet":1,"minecraft:clay_ball":104,"minecraft:andesite":29,"minecraft:oak_log":156,"minecraft:cornflower":1,"minecraft:dirt":296,"minecraft:oak_trapdoor":1,"minecraft:raw_copper":37,"minecraft:wheat_seeds":2,"minecraft:cobbled_deepslate":5,"minecraft:raw_gold":15,"minecraft:bucket":1,"minecraft:poppy":2,"minecraft:iron_pickaxe":1,"minecraft:moss_block":124,"minecraft:oak_planks":57,"minecraft:oak_slab":17,"minecraft:stick":2,"minecraft:raw_iron":79,"minecraft:dandelion":11,"minecraft:spruce_sapling":5,"minecraft:carrot":380,"minecraft:diorite":28,"minecraft:grass_block":1,"minecraft:redstone":37,"minecraft:rotten_flesh":2,"minecraft:diamond":2,"minecraft:granite":35,"minecraft:bone_meal":1,"minecraft:emerald":3,"minecraft:oak_sapling":4,"minecraft:coal":74,"minecraft:cobblestone":219,"minecraft:oxeye_daisy":2},"minecraft:crafted":{"minecraft:obsidian":4,"minecraft:oak_slab":306,"minecraft:oak_planks":172,"minecraft:wooden_pickaxe":1,"minecraft:furnace":1,"sanitydim:garland":2,"minecraft:stone_axe":1,"minecraft:air":0,"minecraft:oak_trapdoor":2,"minecraft:bamboo":6,"minecraft:string":36,"minecraft:white_wool":6,"minecraft:iron_axe":2,"minecraft:stick":12,"minecraft:iron_ingot":61,"minecraft:iron_pickaxe":3,"minecraft:stone_pickaxe":1,"minecraft:chest":2,"minecraft:white_bed":2},"minecraft:used":{"minecraft:moss_block":43,"minecraft:oak_trapdoor":1,"minecraft:water_bucket":7,"minecraft:stone_pickaxe":133,"minecraft:oak_planks":2,"minecraft:chest":2,"minecraft:wooden_pickaxe":14,"minecraft:dirt":116,"minecraft:oak_slab":275,"minecraft:carrot":80,"minecraft:white_bed":2,"minecraft:obsidian":4,"minecraft:mud":1,"minecraft:apple":1,"minecraft:iron_axe":242,"minecraft:iron_pickaxe":824,"minecraft:spruce_sapling":1,"minecraft:bamboo":6,"minecraft:stone_axe":131,"minecraft:cobblestone":3,"minecraft:furnace":1,"minecraft:oak_sapling":3,"minecraft:bucket":8},"minecraft:custom":{"minecraft:interact_with_furnace":12,"minecraft:mob_kills":5,"minecraft:traded_with_villager":12,"minecraft:interact_with_crafting_table":24,"minecraft:leave_game":32,"minecraft:time_since_death":1901,"minecraft:sleep_in_bed":3,"minecraft:time_since_rest":2001,"minecraft:sprint_one_cm":94267,"minecraft:damage_taken":20004662,"minecraft:walk_one_cm":153934,"minecraft:drop":10,"minecraft:damage_dealt":712,"minecraft:talked_to_villager":48,"minecraft:fly_one_cm":73262,"minecraft:open_chest":14,"minecraft:crouch_one_cm":38285,"minecraft:play_time":104576,"minecraft:sneak_time":18452,"minecraft:deaths":18,"minecraft:walk_under_water_one_cm":2788,"minecraft:jump":329,"minecraft:walk_on_water_one_cm":1163,"minecraft:total_world_time":104576,"minecraft:fall_one_cm":1107},"minecraft:killed":{"endofherobrine:villager":1,"minecraft:spider":1,"minecraft:zombie":2},"minecraft:mined":{"minecraft:deepslate_redstone_ore":3,"minecraft:oak_slab":21,"minecraft:deepslate_diamond_ore":3,"minecraft:dandelion":5,"minecraft:clay":42,"minecraft:cornflower":1,"minecraft:granite":35,"minecraft:grass_block":324,"minecraft:poppy":2,"minecraft:tall_grass":5,"minecraft:copper_ore":10,"minecraft:deepslate_coal_ore":5,"minecraft:spruce_leaves":71,"minecraft:deepslate_gold_ore":6,"minecraft:oak_planks":2,"minecraft:moss_block":155,"minecraft:diorite":33,"minecraft:deepslate_copper_ore":1,"minecraft:redstone_ore":8,"minecraft:oak_trapdoor":1,"minecraft:carrots":80,"minecraft:mud":89,"minecraft:iron_ore":79,"minecraft:andesite":32,"minecraft:grass":16,"minecraft:oak_log":180,"minecraft:coal_ore":75,"minecraft:deepslate_iron_ore":4,"minecraft:cobblestone_slab":2,"minecraft:dirt":5,"minecraft:stone":222,"minecraft:gold_ore":13,"minecraft:oak_leaves":93,"minecraft:deepslate_emerald_ore":3,"minecraft:deepslate":7}},"DataVersion":3120}