{"stats":{"minecraft:killed":{"endofherobrine:silverfish":5,"minecraft:vex":1,"minecraft:zombified_piglin":1,"midnightlurker:villager_outcast":1,"minecraft:witch":3,"john_mod_reborn:hugging_john":1,"midnightlurker:void_hands":1,"minecraft:spider":3,"mutationcraft:miter":1,"mutationcraft:necroptor":8,"minecraft:drowned":3,"mutationcraft:assimilated_enderman":1,"mutationcraft:assimilated_roamer":1,"minecraft:turtle":1,"mutationcraft:developed_roamer":1,"mutationcraft:light_hook":2,"mutationcraft:human_stage_2":1,"mutationcraft:assimilated_evoker":1,"minecraft:squid":1,"minecraft:polar_bear":1,"minecraft:zombie":2,"mutationcraft:assimilated_pig":2,"minecraft:stray":5,"mutationcraft:assimilated_vex":2,"mutationcraft:assimilated_wolf":1,"mutationcraft:assimilated_wandering_trader":1},"minecraft:broken":{"minecraft:iron_chestplate":1,"minecraft:iron_axe":2,"minecraft:iron_pickaxe":2,"minecraft:iron_helmet":1},"minecraft:crafted":{"minecraft:oak_planks":212,"minecraft:stone_shovel":1,"minecraft:cobblestone_slab":528,"minecraft:coal":9,"minecraft:birch_slab":144,"minecraft:furnace":1,"minecraft:dark_oak_sign":3,"minecraft:bone_meal":6,"minecraft:oak_trapdoor":12,"minecraft:iron_axe":3,"minecraft:spruce_slab":354,"minecraft:dark_oak_planks":52,"minecraft:stone_hoe":1,"minecraft:oak_slab":324,"minecraft:crafting_table":3,"minecraft:spruce_planks":184,"minecraft:iron_helmet":1,"minecraft:birch_planks":80,"minecraft:air":0,"minecraft:dark_oak_slab":120,"minecraft:iron_chestplate":1,"minecraft:diamond_pickaxe":1,"minecraft:shield":1,"minecraft:stick":28,"minecraft:andesite_slab":24,"minecraft:iron_ingot":28,"minecraft:iron_pickaxe":2,"minecraft:wooden_axe":1,"minecraft:snow_block":14,"minecraft:iron_shovel":1},"minecraft:mined":{"minecraft:dark_prismarine":29,"minecraft:diamond_ore":5,"minecraft:white_bed":1,"minecraft:oak_sapling":2,"minecraft:mossy_cobblestone":64,"minecraft:dark_oak_log":12,"minecraft:sea_lantern":15,"minecraft:granite":7,"gravestone:gravestone":19,"minecraft:grass_block":87,"minecraft:dead_tube_coral_block":1,"minecraft:jungle_log":7,"minecraft:coal_block":1,"minecraft:birch_slab":5,"minecraft:bubble_coral_block":7,"minecraft:tube_coral_block":7,"minecraft:redstone_ore":13,"minecraft:furnace":1,"minecraft:red_sandstone":4,"minecraft:iron_ore":22,"minecraft:fire":20,"minecraft:andesite":15,"minecraft:pumpkin":5,"minecraft:gold_block":1,"minecraft:dead_horn_coral_block":3,"minecraft:oak_sign":1,"minecraft:cobblestone_slab":6,"minecraft:packed_ice":9,"minecraft:bamboo":1,"minecraft:stone":43,"minecraft:brain_coral_block":9,"minecraft:fire_coral_block":9,"minecraft:spruce_slab":18,"minecraft:redstone_wall_torch":2,"minecraft:podzol":11,"minecraft:oak_slab":13,"minecraft:redstone_block":1,"minecraft:snow_block":42,"minecraft:clay":33,"minecraft:sponge":8,"minecraft:melon":5,"minecraft:chest":20,"minecraft:andesite_slab":1,"minecraft:cobblestone":183,"endofherobrine:mossy_stone_bricks":30,"minecraft:prismarine":33,"minecraft:iron_door":1,"minecraft:diorite":17,"minecraft:prismarine_bricks":38,"minecraft:birch_planks":1,"minecraft:birch_log":16,"minecraft:wheat":3,"minecraft:ice":1,"minecraft:spruce_log":20,"minecraft:dead_brain_coral_block":2,"minecraft:coal_ore":22,"minecraft:oak_log":40,"minecraft:gravel":3,"minecraft:dirt":49,"minecraft:sand":2,"minecraft:brown_terracotta":1,"minecraft:cracked_stone_bricks":16,"minecraft:gold_ore":7,"minecraft:horn_coral_block":7},"minecraft:killed_by":{"minecraft:player":8,"minecraft:stray":2,"minecraft:creeper":2,"creepingwoods:creature_from_the_woods_chasing":4,"jacky:jacky":2,"mutationcraft:assimilated_spider":3,"minecraft:pufferfish":1,"minecraft:drowned":1,"mutationcraft:assimilated_wandering_trader":1,"mutationcraft:assimilated_evoker":1,"mutationcraft:assimilated_bear":1,"bwrtherain:vapor":1,"bwrtherain:rosemary":3,"mutationcraft:assimilated_jockey":1,"mutationcraft:necroptor":7,"mokey:mokey":2,"mutationcraft:human_stage_3":1,"mutationcraft:assimilated_roamer":2,"mutationcraft:assimilated_enderman":4,"endofherobrine:silverfish":1,"minecraft:vex":4},"minecraft:used":{"minecraft:oak_trapdoor":12,"minecraft:iron_shovel":22,"minecraft:writable_book":3,"minecraft:stone_shovel":92,"minecraft:spruce_slab":324,"minecraft:chest":14,"minecraft:shield":13,"minecraft:stone_hoe":66,"minecraft:torch":1,"minecraft:dirt":110,"minecraft:prismarine_bricks":7,"minecraft:cod_bucket":1,"minecraft:snowball":21,"endofherobrine:builder_spawn_egg":5,"minecraft:wooden_axe":3,"minecraft:iron_axe":251,"minecraft:birch_sapling":3,"minecraft:bamboo":4,"minecraft:oak_sapling":6,"minecraft:furnace":2,"minecraft:egg":1,"minecraft:horn_coral_fan":1,"minecraft:dark_oak_sapling":1,"minecraft:diorite":2,"minecraft:water_bucket":7,"minecraft:snow_block":8,"minecraft:dark_oak_sign":2,"minecraft:stone_pickaxe":106,"minecraft:andesite_slab":25,"minecraft:cobblestone_slab":421,"minecraft:mossy_cobblestone":5,"minecraft:oak_slab":172,"minecraft:crafting_table":3,"minecraft:mushroom_stew":1,"minecraft:dark_prismarine":19,"minecraft:diamond_pickaxe":173,"minecraft:iron_pickaxe":533,"minecraft:melon_slice":7,"minecraft:birch_slab":138,"minecraft:stone_axe":61,"minecraft:ocelot_spawn_egg":1,"minecraft:cobblestone":27,"minecraft:andesite":13,"minecraft:bucket":7,"minecraft:ice":1,"minecraft:bone_meal":6},"minecraft:dropped":{"minecraft:water_bucket":1,"minecraft:oak_log":1,"minecraft:feather":1,"minecraft:iron_helmet":2,"minecraft:dark_oak_log":1,"minecraft:stone_button":1,"minecraft:iron_door":1,"gravestone:obituary":10,"minecraft:writable_book":5,"minecraft:iron_shovel":1,"minecraft:birch_log":1,"mutationcraft:putrid_claw":1,"minecraft:dead_fire_coral_block":1,"minecraft:spider_eye":1,"minecraft:bamboo":2,"minecraft:arrow":4,"minecraft:dead_tube_coral_block":1},"minecraft:custom":{"minecraft:mob_kills":63,"minecraft:interact_with_crafting_table":40,"minecraft:damage_dealt_resisted":50,"minecraft:leave_game":10,"minecraft:time_since_death":3038,"minecraft:sprint_one_cm":326167,"minecraft:walk_one_cm":431809,"minecraft:damage_blocked_by_shield":808,"minecraft:drop":34,"minecraft:damage_dealt_absorbed":305,"minecraft:play_time":185378,"minecraft:sneak_time":27737,"minecraft:deaths":63,"minecraft:walk_under_water_one_cm":20662,"minecraft:jump":1910,"minecraft:walk_on_water_one_cm":3829,"minecraft:total_world_time":185378,"minecraft:interact_with_furnace":24,"minecraft:sleep_in_bed":2,"minecraft:time_since_rest":3068,"minecraft:damage_taken":10319598,"minecraft:damage_dealt":17042,"minecraft:player_kills":5,"minecraft:swim_one_cm":54554,"minecraft:fly_one_cm":348627,"minecraft:open_chest":144,"minecraft:crouch_one_cm":108530,"minecraft:fall_one_cm":61202,"minecraft:horse_one_cm":5389},"minecraft:picked_up":{"minecraft:wooden_axe":2,"minecraft:cocoa_beans":2,"minecraft:iron_chestplate":1,"minecraft:birch_door":1,"minecraft:wheat":3,"minecraft:bubble_coral_fan":1,"minecraft:redstone_block":1,"minecraft:clay_ball":136,"minecraft:lead":2,"gravestone:obituary":14,"minecraft:dead_horn_coral_block":5,"minecraft:shield":1,"minecraft:fire_coral":3,"minecraft:string":10,"minecraft:dead_tube_coral_block":5,"minecraft:iron_axe":2,"minecraft:iron_shovel":4,"minecraft:cracked_stone_bricks":4,"minecraft:bucket":1,"minecraft:cobblestone_slab":5,"minecraft:iron_nugget":3,"minecraft:iron_pickaxe":2,"minecraft:spruce_slab":2,"minecraft:melon_slice":156,"minecraft:coal_block":2,"minecraft:chest":22,"minecraft:furnace":1,"minecraft:raw_iron":30,"minecraft:dark_oak_sapling":1,"minecraft:stick":4,"mutationcraft:necroptor_membrane":1,"minecraft:brown_terracotta":1,"minecraft:copper_ingot":1,"minecraft:torch":1,"minecraft:bowl":3,"mutationcraft:putrid_claw":12,"minecraft:stone_button":1,"minecraft:diorite":33,"minecraft:redstone":57,"minecraft:prismarine_crystals":73,"minecraft:arrow":9,"minecraft:horn_coral_fan":2,"minecraft:rotten_flesh":8,"minecraft:tropical_fish":6,"minecraft:tube_coral_fan":1,"minecraft:fire_coral_fan":2,"mutationcraft:putrid_heart":1,"minecraft:cod":4,"minecraft:snowball":294,"minecraft:white_wool":1,"minecraft:cobblestone":278,"minecraft:sponge":12,"minecraft:birch_log":21,"minecraft:feather":7,"minecraft:jungle_log":6,"minecraft:salmon":2,"minecraft:iron_door":1,"minecraft:birch_slab":4,"minecraft:water_bucket":1,"minecraft:andesite":21,"minecraft:leather":1,"minecraft:music_disc_stal":2,"minecraft:birch_planks":1,"minecraft:filled_map":1,"minecraft:oak_log":48,"minecraft:lily_pad":2,"minecraft:prismarine_bricks":52,"mutationcraft:necroptor_bomb":1,"minecraft:gunpowder":2,"minecraft:horn_coral":2,"minecraft:dirt":184,"minecraft:paper":6,"minecraft:bone":15,"minecraft:apple":2,"minecraft:kelp":4,"minecraft:red_sandstone":4,"minecraft:wheat_seeds":9,"minecraft:raw_gold":11,"minecraft:rabbit_hide":3,"minecraft:dark_oak_sign":1,"minecraft:glowstone_dust":1,"minecraft:bamboo":11,"minecraft:prismarine":32,"minecraft:oak_planks":1,"minecraft:book":6,"minecraft:oak_slab":8,"minecraft:pumpkin":7,"minecraft:gravel":3,"minecraft:dead_fire_coral_block":9,"minecraft:sand":2,"minecraft:spruce_log":31,"minecraft:dark_oak_log":23,"minecraft:spider_eye":2,"minecraft:mossy_cobblestone":51,"minecraft:dark_prismarine":56,"minecraft:sugar":2,"minecraft:diamond":6,"minecraft:writable_book":5,"minecraft:dead_bubble_coral_block":8,"minecraft:dead_brain_coral_block":15,"minecraft:iron_helmet":4,"minecraft:granite":13,"minecraft:golden_apple":1,"minecraft:emerald":4,"minecraft:oak_sapling":5,"minecraft:coal":69,"minecraft:andesite_slab":1}},"DataVersion":3120}