{"stats":{"minecraft:broken":{"minecraft:wooden_shovel":1,"minecraft:wooden_axe":1},"minecraft:killed_by":{"bwrtherain:vapor":1},"minecraft:dropped":{"minecraft:oak_planks":56,"minecraft:azure_bluet":1,"minecraft:oxeye_daisy":1,"minecraft:bucket":1,"minecraft:dandelion":4},"minecraft:picked_up":{"minecraft:mud":43,"minecraft:azure_bluet":1,"minecraft:clay_ball":8,"minecraft:andesite":6,"minecraft:oak_log":77,"sanitydim:garland":1,"minecraft:dirt":292,"minecraft:wheat_seeds":10,"minecraft:moss_block":71,"minecraft:raw_iron":4,"minecraft:oak_slab":6,"minecraft:stick":4,"minecraft:dandelion":4,"minecraft:spruce_sapling":3,"minecraft:diorite":1,"minecraft:carrot":389,"minecraft:rotten_flesh":5,"minecraft:bone_meal":8,"minecraft:oak_sapling":10,"minecraft:coal":3,"minecraft:cobblestone":61,"minecraft:oxeye_daisy":1},"minecraft:crafted":{"minecraft:oak_slab":756,"minecraft:oak_planks":288,"minecraft:raw_iron":16,"minecraft:wooden_shovel":1,"minecraft:cobblestone_slab":6,"minecraft:crafting_table":1,"minecraft:gravel":28,"minecraft:wooden_pickaxe":1,"minecraft:sand":29,"minecraft:furnace":1,"minecraft:sugar_cane":1,"minecraft:pufferfish_bucket":2,"minecraft:bone_meal":258,"minecraft:bone":85,"minecraft:stone_axe":1,"minecraft:air":0,"minecraft:stick":16,"minecraft:iron_ingot":18,"minecraft:stone_pickaxe":1,"minecraft:wooden_axe":1,"minecraft:chest":2,"minecraft:composter":1,"minecraft:stone_hoe":1,"minecraft:carrot":12},"minecraft:used":{"minecraft:moss_block":73,"minecraft:water_bucket":10,"minecraft:stone_pickaxe":79,"minecraft:chest":2,"minecraft:wooden_pickaxe":33,"minecraft:composter":1,"minecraft:wooden_shovel":59,"minecraft:cobblestone_slab":2,"minecraft:stone_hoe":80,"minecraft:dirt":144,"sanitydim:garland":1,"minecraft:oak_slab":626,"minecraft:crafting_table":1,"minecraft:carrot":187,"minecraft:mud":3,"minecraft:wooden_axe":59,"minecraft:stone_axe":89,"minecraft:pufferfish_bucket":3,"minecraft:furnace":1,"minecraft:oak_sapling":4,"minecraft:andesite":2,"minecraft:bucket":11,"minecraft:bone_meal":236},"minecraft:custom":{"minecraft:interact_with_furnace":5,"minecraft:mob_kills":4,"minecraft:traded_with_villager":16,"minecraft:interact_with_crafting_table":18,"minecraft:leave_game":15,"minecraft:time_since_death":10809,"minecraft:sleep_in_bed":1,"minecraft:time_since_rest":4307,"minecraft:sprint_one_cm":120653,"minecraft:damage_taken":10001881,"minecraft:walk_one_cm":160229,"minecraft:drop":7,"minecraft:damage_dealt":1007,"minecraft:swim_one_cm":7780,"minecraft:talked_to_villager":39,"minecraft:fly_one_cm":143285,"minecraft:open_chest":26,"minecraft:crouch_one_cm":81640,"minecraft:play_time":87530,"minecraft:deaths":13,"minecraft:sneak_time":24362,"minecraft:walk_under_water_one_cm":9352,"minecraft:jump":662,"minecraft:walk_on_water_one_cm":2894,"minecraft:total_world_time":87530,"minecraft:fall_one_cm":3410},"minecraft:killed":{"minecraft:zombie":4},"minecraft:mined":{"minecraft:oak_slab":37,"minecraft:oak_sapling":1,"minecraft:dandelion":6,"minecraft:grass_block":137,"minecraft:tall_grass":18,"minecraft:spruce_leaves":36,"minecraft:moss_block":65,"minecraft:oxeye_daisy":2,"minecraft:spruce_sapling":1,"minecraft:carrots":107,"minecraft:mud":35,"minecraft:iron_ore":4,"minecraft:andesite":2,"minecraft:azure_bluet":1,"minecraft:grass":97,"minecraft:oak_log":72,"minecraft:dirt":12,"minecraft:stone":56,"minecraft:oak_leaves":31}},"DataVersion":3120}