{"stats":{"minecraft:broken":{"minecraft:wooden_shovel":1,"minecraft:stone_axe":1,"minecraft:wooden_axe":1},"minecraft:dropped":{"minecraft:oak_planks":56,"minecraft:azure_bluet":1,"minecraft:oxeye_daisy":1,"minecraft:diorite":1,"minecraft:bucket":1,"minecraft:dandelion":4},"minecraft:killed_by":{"bwrtherain:rosemary":2,"bwrtherain:vapor":1,"siren_head:siren_head":1},"minecraft:picked_up":{"minecraft:mud":53,"minecraft:azure_bluet":1,"minecraft:andesite":11,"minecraft:clay_ball":60,"minecraft:oak_log":110,"sanitydim:garland":1,"minecraft:dirt":318,"minecraft:raw_copper":21,"minecraft:wheat_seeds":10,"minecraft:raw_gold":11,"minecraft:moss_block":87,"minecraft:oak_slab":6,"minecraft:stick":11,"minecraft:raw_iron":11,"minecraft:dandelion":4,"minecraft:spruce_sapling":3,"minecraft:diorite":7,"minecraft:carrot":389,"minecraft:redstone":33,"minecraft:rotten_flesh":5,"minecraft:granite":9,"minecraft:bone_meal":8,"minecraft:oak_sapling":21,"minecraft:coal":20,"minecraft:cobblestone":85,"minecraft:oxeye_daisy":1},"minecraft:crafted":{"minecraft:oak_slab":756,"minecraft:oak_planks":288,"minecraft:raw_iron":16,"minecraft:wooden_shovel":1,"minecraft:cobblestone_slab":6,"minecraft:crafting_table":1,"minecraft:gravel":28,"minecraft:wooden_pickaxe":1,"minecraft:sand":29,"minecraft:furnace":1,"minecraft:sugar_cane":1,"minecraft:pufferfish_bucket":2,"minecraft:bone_meal":258,"minecraft:bone":85,"minecraft:stone_axe":1,"minecraft:air":0,"minecraft:stick":16,"minecraft:iron_ingot":21,"minecraft:iron_pickaxe":1,"minecraft:stone_pickaxe":1,"minecraft:wooden_axe":1,"minecraft:chest":2,"minecraft:composter":1,"minecraft:stone_hoe":1,"minecraft:carrot":12,"minecraft:clay":2},"minecraft:used":{"minecraft:moss_block":73,"minecraft:water_bucket":10,"minecraft:stone_pickaxe":88,"minecraft:chest":2,"minecraft:wooden_pickaxe":33,"minecraft:composter":1,"minecraft:clay":2,"minecraft:wooden_shovel":59,"minecraft:cobblestone_slab":2,"minecraft:stone_hoe":80,"minecraft:dirt":144,"sanitydim:garland":1,"minecraft:oak_slab":697,"minecraft:crafting_table":1,"minecraft:carrot":187,"minecraft:mud":3,"minecraft:wooden_axe":59,"minecraft:iron_pickaxe":111,"minecraft:stone_axe":121,"minecraft:cobblestone":3,"minecraft:pufferfish_bucket":3,"minecraft:furnace":1,"minecraft:oak_sapling":4,"minecraft:bucket":12,"minecraft:andesite":2,"minecraft:bone_meal":236},"minecraft:custom":{"minecraft:interact_with_furnace":12,"minecraft:mob_kills":4,"minecraft:traded_with_villager":16,"minecraft:interact_with_crafting_table":23,"minecraft:leave_game":22,"minecraft:time_since_death":12351,"minecraft:sleep_in_bed":2,"minecraft:time_since_rest":11978,"minecraft:sprint_one_cm":171576,"minecraft:damage_taken":10203456,"minecraft:walk_one_cm":199630,"minecraft:drop":8,"minecraft:damage_dealt":1017,"minecraft:swim_one_cm":7780,"minecraft:talked_to_villager":58,"minecraft:fly_one_cm":213357,"minecraft:open_chest":42,"minecraft:crouch_one_cm":84046,"minecraft:play_time":109594,"minecraft:deaths":20,"minecraft:sneak_time":26994,"minecraft:walk_under_water_one_cm":9352,"minecraft:jump":960,"minecraft:walk_on_water_one_cm":3142,"minecraft:total_world_time":109594,"minecraft:fall_one_cm":5769},"minecraft:killed":{"minecraft:zombie":4},"minecraft:mined":{"minecraft:oak_slab":37,"minecraft:oak_sapling":1,"minecraft:dandelion":6,"minecraft:clay":4,"minecraft:granite":8,"minecraft:grass_block":149,"minecraft:copper_ore":5,"minecraft:tall_grass":18,"minecraft:cobblestone":4,"minecraft:spruce_leaves":39,"minecraft:moss_block":76,"minecraft:diorite":4,"minecraft:oxeye_daisy":2,"minecraft:redstone_ore":5,"minecraft:spruce_sapling":1,"minecraft:carrots":107,"minecraft:mud":41,"minecraft:iron_ore":9,"minecraft:andesite":8,"minecraft:azure_bluet":1,"minecraft:grass":97,"minecraft:coal_ore":14,"minecraft:oak_log":97,"minecraft:dirt":13,"minecraft:stone":76,"minecraft:gold_ore":10,"minecraft:oak_leaves":45}},"DataVersion":3120}