{"stats":{"minecraft:broken":{"minecraft:wooden_shovel":1,"sanitydim:garland":1,"minecraft:stone_axe":1,"minecraft:iron_pickaxe":1,"minecraft:wooden_axe":1},"minecraft:killed_by":{"minecraft:ravager":4,"cartoon_dweller:cartoon_dweller":1,"bwrtherain:vapor":1,"siren_head:siren_head":1,"bwrtherain:rosemary":2},"minecraft:dropped":{"minecraft:oak_slab":272,"minecraft:moss_block":127,"minecraft:diamond":3,"minecraft:diamond_leggings":1,"minecraft:iron_helmet":1,"minecraft:cobblestone":330,"minecraft:granite":82,"minecraft:cracked_stone_bricks":6,"minecraft:oxeye_daisy":1,"minecraft:dirt":13,"minecraft:diorite":73,"minecraft:iron_axe":1,"minecraft:mud":134,"minecraft:bucket":1,"minecraft:dandelion":4,"minecraft:gravel":23,"minecraft:ancient_debris":1,"minecraft:cobbled_deepslate":16,"minecraft:oak_planks":58,"minecraft:ender_eye":12,"minecraft:azure_bluet":1,"minecraft:carrot":330,"minecraft:andesite":59,"minecraft:diamond_boots":1,"minecraft:netherrack":10},"minecraft:picked_up":{"minecraft:mud":97,"minecraft:azure_bluet":1,"minecraft:clay_ball":228,"minecraft:string":7,"minecraft:raw_copper":184,"minecraft:soul_soil":10,"minecraft:iron_axe":1,"minecraft:oak_sign":2,"minecraft:diamond_leggings":1,"minecraft:cracked_stone_bricks":6,"minecraft:cobbled_deepslate":28,"minecraft:gold_nugget":24,"minecraft:oak_boat":1,"minecraft:ender_eye":6,"minecraft:iron_pickaxe":1,"minecraft:stick":13,"minecraft:raw_iron":67,"minecraft:diorite":43,"minecraft:carrot":474,"minecraft:redstone":272,"minecraft:arrow":2,"minecraft:rotten_flesh":6,"minecraft:diamond_boots":1,"minecraft:obsidian":5,"minecraft:cobblestone":276,"minecraft:oxeye_daisy":1,"minecraft:andesite":32,"minecraft:flint":1,"minecraft:oak_log":191,"minecraft:ancient_debris":18,"minecraft:gunpowder":2,"sanitydim:garland":1,"minecraft:dirt":469,"minecraft:bone":1,"minecraft:apple":1,"minecraft:wheat_seeds":10,"minecraft:raw_gold":57,"minecraft:glowstone_dust":15,"minecraft:bamboo":30,"minecraft:moss_block":182,"minecraft:oak_planks":2,"minecraft:soul_sand":9,"minecraft:oak_slab":7,"minecraft:quartz":8,"minecraft:dandelion":4,"minecraft:gravel":5,"minecraft:spruce_sapling":6,"minecraft:spider_eye":1,"minecraft:slime_ball":3,"minecraft:diamond":35,"minecraft:granite":37,"minecraft:bone_meal":8,"minecraft:emerald":59,"minecraft:oak_sapling":23,"minecraft:netherrack":18,"minecraft:coal":101},"minecraft:crafted":{"minecraft:smooth_stone":3,"minecraft:oak_planks":808,"minecraft:raw_iron":16,"minecraft:cobblestone_slab":6,"minecraft:sand":29,"minecraft:furnace":2,"minecraft:blast_furnace":1,"minecraft:sugar_cane":1,"minecraft:stone":3,"minecraft:pufferfish_bucket":2,"minecraft:bone_meal":258,"minecraft:oak_trapdoor":20,"minecraft:flint_and_steel":1,"minecraft:diamond_leggings":1,"minecraft:iron_boots":1,"minecraft:iron_axe":1,"minecraft:stone_pickaxe":1,"minecraft:chest":4,"minecraft:diamond_boots":1,"minecraft:netherite_scrap":14,"minecraft:stone_hoe":1,"minecraft:ender_eye":6,"minecraft:oak_slab":1170,"minecraft:wooden_shovel":1,"minecraft:cauldron":1,"minecraft:crafting_table":1,"minecraft:wooden_pickaxe":1,"minecraft:gravel":28,"minecraft:iron_helmet":1,"minecraft:smithing_table":1,"minecraft:bone":85,"minecraft:bucket":1,"minecraft:stone_axe":1,"minecraft:air":0,"minecraft:oak_boat":1,"minecraft:white_wool":4,"minecraft:iron_chestplate":1,"minecraft:diamond_pickaxe":1,"minecraft:shield":1,"minecraft:stick":18,"minecraft:iron_ingot":51,"minecraft:iron_pickaxe":1,"minecraft:wooden_axe":1,"minecraft:gold_ingot":42,"minecraft:iron_leggings":1,"minecraft:netherite_ingot":3,"minecraft:composter":1,"minecraft:carrot":12,"minecraft:clay":2,"minecraft:diamond_chestplate":1},"minecraft:used":{"minecraft:oak_trapdoor":12,"minecraft:moss_block":73,"minecraft:flint_and_steel":2,"minecraft:chest":4,"minecraft:shield":2,"minecraft:wooden_shovel":59,"minecraft:stone_hoe":80,"minecraft:dirt":208,"sanitydim:garland":1,"minecraft:carrot":191,"endofherobrine:lurker_spawn_egg":1,"minecraft:obsidian":5,"endofherobrine:builder_spawn_egg":47,"minecraft:wooden_axe":59,"minecraft:lava_bucket":8,"minecraft:iron_axe":97,"minecraft:oak_sapling":4,"minecraft:furnace":1,"minecraft:pointed_dripstone":1,"minecraft:water_bucket":18,"minecraft:diorite":3,"minecraft:stone_pickaxe":88,"minecraft:wooden_pickaxe":33,"minecraft:composter":1,"minecraft:cauldron":1,"minecraft:clay":2,"minecraft:cobblestone_slab":2,"minecraft:oak_slab":727,"minecraft:crafting_table":1,"minecraft:blast_furnace":1,"minecraft:mud":4,"minecraft:diamond_pickaxe":896,"minecraft:iron_pickaxe":305,"minecraft:gravel":8,"minecraft:stone_axe":121,"minecraft:cobblestone":62,"minecraft:pufferfish_bucket":3,"minecraft:andesite":2,"minecraft:bucket":28,"minecraft:end_portal_frame":12,"minecraft:oak_boat":1,"minecraft:bone_meal":236},"minecraft:custom":{"minecraft:mob_kills":25,"minecraft:interact_with_crafting_table":44,"minecraft:leave_game":33,"minecraft:time_since_death":23210,"minecraft:sprint_one_cm":323130,"minecraft:walk_one_cm":396877,"minecraft:damage_blocked_by_shield":240,"minecraft:drop":60,"minecraft:talked_to_villager":87,"minecraft:play_time":211146,"minecraft:deaths":33,"minecraft:sneak_time":39590,"minecraft:walk_under_water_one_cm":11905,"minecraft:boat_one_cm":2187,"minecraft:jump":1671,"minecraft:interact_with_blast_furnace":10,"minecraft:walk_on_water_one_cm":5698,"minecraft:total_world_time":211146,"minecraft:interact_with_furnace":27,"minecraft:traded_with_villager":18,"minecraft:raid_trigger":1,"minecraft:sleep_in_bed":7,"minecraft:time_since_rest":5470,"minecraft:damage_taken":10209920,"minecraft:damage_dealt":4976,"minecraft:swim_one_cm":14607,"minecraft:fly_one_cm":450367,"minecraft:open_chest":118,"minecraft:crouch_one_cm":113064,"minecraft:fall_one_cm":25363,"minecraft:use_cauldron":5},"minecraft:killed":{"endofherobrine:silverfish":10,"minecraft:spider":6,"minecraft:piglin":1,"endofherobrine:villager":1,"minecraft:creeper":1,"minecraft:zombie":4,"minecraft:villager":1},"minecraft:mined":{"minecraft:nether_gold_ore":12,"minecraft:oak_sapling":1,"minecraft:deepslate_diamond_ore":26,"minecraft:obsidian":6,"minecraft:granite":42,"minecraft:grass_block":261,"minecraft:soul_soil":7,"minecraft:spruce_leaves":76,"minecraft:moss_block":149,"minecraft:oxeye_daisy":2,"minecraft:redstone_ore":18,"minecraft:oak_trapdoor":12,"minecraft:spruce_sapling":1,"minecraft:glowstone":5,"minecraft:carrots":107,"minecraft:iron_ore":22,"minecraft:fire":1,"minecraft:andesite":32,"minecraft:azure_bluet":1,"minecraft:deepslate_iron_ore":43,"minecraft:oak_sign":2,"minecraft:bamboo":7,"minecraft:stone":244,"minecraft:deepslate_redstone_ore":36,"minecraft:oak_slab":43,"minecraft:soul_sand":10,"minecraft:crimson_nylium":8,"minecraft:dandelion":6,"minecraft:clay":31,"endofherobrine:glowing_obsidian":5,"minecraft:nether_quartz_ore":12,"minecraft:tall_grass":18,"minecraft:copper_ore":12,"minecraft:cobblestone":19,"minecraft:deepslate_coal_ore":39,"minecraft:deepslate_gold_ore":36,"endofherobrine:mossy_stone_bricks":24,"minecraft:diorite":39,"minecraft:deepslate_copper_ore":29,"minecraft:warped_nylium":16,"minecraft:mud":78,"minecraft:grass":97,"minecraft:oak_log":127,"minecraft:coal_ore":30,"minecraft:gravel":7,"minecraft:dirt":15,"minecraft:cracked_stone_bricks":14,"minecraft:netherrack":3,"minecraft:ancient_debris":8,"minecraft:oak_leaves":79,"minecraft:gold_ore":17,"minecraft:deepslate_emerald_ore":49,"minecraft:deepslate":25}},"DataVersion":3120}