{"stats":{"minecraft:broken":{"minecraft:wooden_shovel":1,"minecraft:stone_axe":1,"minecraft:iron_pickaxe":1,"minecraft:wooden_axe":1},"minecraft:dropped":{"minecraft:cobblestone":1,"minecraft:oak_planks":56,"minecraft:azure_bluet":1,"minecraft:carrot":330,"minecraft:oxeye_daisy":1,"minecraft:dirt":1,"minecraft:diorite":1,"minecraft:iron_axe":1,"minecraft:bucket":1,"minecraft:dandelion":4},"minecraft:killed_by":{"bwrtherain:rosemary":2,"cartoon_dweller:cartoon_dweller":1,"bwrtherain:vapor":1,"siren_head:siren_head":1},"minecraft:picked_up":{"minecraft:mud":70,"minecraft:azure_bluet":1,"minecraft:clay_ball":112,"minecraft:andesite":14,"minecraft:gunpowder":2,"minecraft:oak_log":135,"sanitydim:garland":1,"minecraft:dirt":372,"minecraft:string":6,"minecraft:raw_copper":74,"minecraft:iron_axe":1,"minecraft:oak_sign":2,"minecraft:apple":1,"minecraft:cracked_stone_bricks":6,"minecraft:wheat_seeds":10,"minecraft:cobbled_deepslate":6,"minecraft:raw_gold":29,"minecraft:iron_pickaxe":1,"minecraft:bamboo":28,"minecraft:moss_block":122,"minecraft:oak_slab":7,"minecraft:stick":11,"minecraft:raw_iron":33,"minecraft:dandelion":4,"minecraft:spruce_sapling":4,"minecraft:diorite":22,"minecraft:carrot":458,"minecraft:redstone":129,"minecraft:spider_eye":1,"minecraft:rotten_flesh":5,"minecraft:slime_ball":2,"minecraft:diamond":4,"minecraft:granite":17,"minecraft:bone_meal":8,"minecraft:obsidian":2,"minecraft:emerald":17,"minecraft:oak_sapling":22,"minecraft:coal":49,"minecraft:cobblestone":152,"minecraft:oxeye_daisy":1},"minecraft:crafted":{"minecraft:oak_slab":1170,"minecraft:oak_planks":496,"minecraft:raw_iron":16,"minecraft:wooden_shovel":1,"minecraft:cobblestone_slab":6,"minecraft:cauldron":1,"minecraft:crafting_table":1,"minecraft:gravel":28,"minecraft:wooden_pickaxe":1,"minecraft:sand":29,"minecraft:furnace":1,"minecraft:bucket":1,"minecraft:sugar_cane":1,"minecraft:pufferfish_bucket":2,"minecraft:bone_meal":258,"minecraft:bone":85,"minecraft:stone_axe":1,"minecraft:air":0,"minecraft:diamond_pickaxe":1,"minecraft:iron_axe":1,"minecraft:stick":18,"minecraft:iron_ingot":36,"minecraft:iron_pickaxe":1,"minecraft:stone_pickaxe":1,"minecraft:wooden_axe":1,"minecraft:chest":2,"minecraft:composter":1,"minecraft:stone_hoe":1,"minecraft:carrot":12,"minecraft:clay":2},"minecraft:used":{"minecraft:moss_block":73,"minecraft:water_bucket":16,"minecraft:stone_pickaxe":88,"minecraft:chest":2,"minecraft:wooden_pickaxe":33,"minecraft:cauldron":1,"minecraft:clay":2,"minecraft:composter":1,"minecraft:cobblestone_slab":2,"minecraft:wooden_shovel":59,"minecraft:stone_hoe":80,"minecraft:dirt":208,"sanitydim:garland":1,"minecraft:oak_slab":727,"minecraft:crafting_table":1,"minecraft:carrot":187,"endofherobrine:builder_spawn_egg":9,"minecraft:mud":4,"minecraft:wooden_axe":59,"minecraft:diamond_pickaxe":152,"minecraft:lava_bucket":6,"minecraft:iron_axe":52,"minecraft:iron_pickaxe":304,"minecraft:stone_axe":121,"minecraft:cobblestone":19,"minecraft:pufferfish_bucket":3,"minecraft:oak_sapling":4,"minecraft:furnace":1,"minecraft:andesite":2,"minecraft:bucket":24,"minecraft:bone_meal":236,"minecraft:pointed_dripstone":1},"minecraft:custom":{"minecraft:interact_with_furnace":19,"minecraft:mob_kills":20,"minecraft:traded_with_villager":16,"minecraft:interact_with_crafting_table":29,"minecraft:leave_game":25,"minecraft:time_since_death":11849,"minecraft:sleep_in_bed":4,"minecraft:time_since_rest":11942,"minecraft:sprint_one_cm":275852,"minecraft:damage_taken":10205003,"minecraft:walk_one_cm":281599,"minecraft:drop":18,"minecraft:damage_dealt":2874,"minecraft:swim_one_cm":14607,"minecraft:fly_one_cm":310659,"minecraft:talked_to_villager":70,"minecraft:open_chest":65,"minecraft:crouch_one_cm":96817,"minecraft:play_time":157220,"minecraft:deaths":24,"minecraft:sneak_time":31330,"minecraft:walk_under_water_one_cm":11905,"minecraft:jump":1367,"minecraft:walk_on_water_one_cm":5698,"minecraft:use_cauldron":3,"minecraft:total_world_time":157220,"minecraft:fall_one_cm":15322},"minecraft:killed":{"endofherobrine:silverfish":10,"minecraft:spider":5,"minecraft:creeper":1,"minecraft:zombie":4},"minecraft:mined":{"minecraft:deepslate_redstone_ore":7,"minecraft:oak_slab":43,"minecraft:oak_sapling":1,"minecraft:deepslate_diamond_ore":2,"minecraft:obsidian":2,"minecraft:dandelion":6,"minecraft:clay":12,"minecraft:granite":20,"minecraft:grass_block":169,"endofherobrine:glowing_obsidian":5,"minecraft:copper_ore":12,"minecraft:tall_grass":18,"minecraft:cobblestone":16,"minecraft:deepslate_coal_ore":7,"minecraft:spruce_leaves":49,"minecraft:deepslate_gold_ore":9,"endofherobrine:mossy_stone_bricks":24,"minecraft:moss_block":98,"minecraft:oxeye_daisy":2,"minecraft:diorite":15,"minecraft:deepslate_copper_ore":6,"minecraft:redstone_ore":18,"minecraft:spruce_sapling":1,"minecraft:carrots":107,"minecraft:mud":52,"minecraft:iron_ore":22,"minecraft:andesite":15,"minecraft:azure_bluet":1,"minecraft:grass":97,"minecraft:oak_log":103,"minecraft:coal_ore":30,"minecraft:oak_sign":2,"minecraft:deepslate_iron_ore":8,"minecraft:dirt":15,"minecraft:cracked_stone_bricks":14,"minecraft:bamboo":7,"minecraft:stone":134,"minecraft:gold_ore":17,"minecraft:deepslate_emerald_ore":17,"minecraft:oak_leaves":51,"minecraft:deepslate":4}},"DataVersion":3120}