{"stats":{"minecraft:broken":{"minecraft:wooden_shovel":1,"minecraft:stone_axe":1,"minecraft:iron_pickaxe":1,"minecraft:wooden_axe":1},"minecraft:dropped":{"minecraft:oak_planks":56,"minecraft:azure_bluet":1,"minecraft:carrot":330,"minecraft:oxeye_daisy":1,"minecraft:dirt":1,"minecraft:diorite":1,"minecraft:bucket":1,"minecraft:dandelion":4},"minecraft:killed_by":{"bwrtherain:rosemary":2,"bwrtherain:vapor":1,"siren_head:siren_head":1},"minecraft:picked_up":{"minecraft:mud":68,"minecraft:azure_bluet":1,"minecraft:andesite":14,"minecraft:clay_ball":100,"minecraft:oak_log":126,"minecraft:string":6,"sanitydim:garland":1,"minecraft:dirt":357,"minecraft:raw_copper":42,"minecraft:apple":1,"minecraft:wheat_seeds":10,"minecraft:cobbled_deepslate":5,"minecraft:raw_gold":25,"minecraft:iron_pickaxe":1,"minecraft:bamboo":28,"minecraft:moss_block":113,"minecraft:oak_slab":7,"minecraft:stick":11,"minecraft:raw_iron":31,"minecraft:dandelion":4,"minecraft:spruce_sapling":4,"minecraft:diorite":16,"minecraft:carrot":458,"minecraft:redstone":107,"minecraft:spider_eye":1,"minecraft:rotten_flesh":5,"minecraft:slime_ball":2,"minecraft:diamond":3,"minecraft:granite":17,"minecraft:bone_meal":8,"minecraft:emerald":6,"minecraft:oak_sapling":21,"minecraft:coal":44,"minecraft:cobblestone":134,"minecraft:oxeye_daisy":1},"minecraft:crafted":{"minecraft:oak_slab":1170,"minecraft:oak_planks":496,"minecraft:raw_iron":16,"minecraft:wooden_shovel":1,"minecraft:cobblestone_slab":6,"minecraft:crafting_table":1,"minecraft:gravel":28,"minecraft:wooden_pickaxe":1,"minecraft:sand":29,"minecraft:furnace":1,"minecraft:sugar_cane":1,"minecraft:pufferfish_bucket":2,"minecraft:bone_meal":258,"minecraft:bone":85,"minecraft:stone_axe":1,"minecraft:air":0,"minecraft:diamond_pickaxe":1,"minecraft:iron_axe":1,"minecraft:stick":18,"minecraft:iron_ingot":26,"minecraft:iron_pickaxe":1,"minecraft:stone_pickaxe":1,"minecraft:wooden_axe":1,"minecraft:chest":2,"minecraft:composter":1,"minecraft:stone_hoe":1,"minecraft:carrot":12,"minecraft:clay":2},"minecraft:used":{"minecraft:moss_block":73,"minecraft:water_bucket":10,"minecraft:stone_pickaxe":88,"minecraft:chest":2,"minecraft:wooden_pickaxe":33,"minecraft:composter":1,"minecraft:clay":2,"minecraft:wooden_shovel":59,"minecraft:cobblestone_slab":2,"minecraft:stone_hoe":80,"minecraft:dirt":207,"sanitydim:garland":1,"minecraft:oak_slab":700,"minecraft:crafting_table":1,"minecraft:carrot":187,"endofherobrine:builder_spawn_egg":4,"minecraft:mud":4,"minecraft:wooden_axe":59,"minecraft:diamond_pickaxe":8,"minecraft:iron_axe":29,"minecraft:iron_pickaxe":304,"minecraft:stone_axe":121,"minecraft:cobblestone":3,"minecraft:pufferfish_bucket":3,"minecraft:furnace":1,"minecraft:oak_sapling":4,"minecraft:bucket":12,"minecraft:andesite":2,"minecraft:bone_meal":236},"minecraft:custom":{"minecraft:interact_with_furnace":15,"minecraft:mob_kills":13,"minecraft:traded_with_villager":16,"minecraft:interact_with_crafting_table":26,"minecraft:leave_game":22,"minecraft:time_since_death":2825,"minecraft:sleep_in_bed":4,"minecraft:time_since_rest":2853,"minecraft:sprint_one_cm":221135,"minecraft:damage_taken":10204343,"minecraft:walk_one_cm":247802,"minecraft:drop":16,"minecraft:damage_dealt":2172,"minecraft:swim_one_cm":7780,"minecraft:talked_to_villager":66,"minecraft:fly_one_cm":258999,"minecraft:open_chest":56,"minecraft:crouch_one_cm":89267,"minecraft:play_time":133594,"minecraft:deaths":21,"minecraft:sneak_time":28908,"minecraft:walk_under_water_one_cm":9352,"minecraft:jump":1161,"minecraft:walk_on_water_one_cm":3626,"minecraft:total_world_time":133594,"minecraft:fall_one_cm":14360},"minecraft:killed":{"endofherobrine:silverfish":4,"minecraft:spider":5,"minecraft:zombie":4},"minecraft:mined":{"minecraft:deepslate_redstone_ore":3,"minecraft:oak_slab":43,"minecraft:oak_sapling":1,"minecraft:deepslate_diamond_ore":1,"minecraft:dandelion":6,"minecraft:clay":8,"minecraft:granite":17,"minecraft:grass_block":159,"endofherobrine:glowing_obsidian":2,"minecraft:copper_ore":12,"minecraft:tall_grass":18,"minecraft:cobblestone":4,"minecraft:deepslate_coal_ore":3,"minecraft:spruce_leaves":44,"minecraft:deepslate_gold_ore":5,"minecraft:moss_block":90,"minecraft:diorite":11,"minecraft:oxeye_daisy":2,"minecraft:deepslate_copper_ore":1,"minecraft:redstone_ore":18,"minecraft:spruce_sapling":1,"minecraft:carrots":107,"minecraft:mud":49,"minecraft:iron_ore":22,"minecraft:andesite":11,"minecraft:azure_bluet":1,"minecraft:grass":97,"minecraft:coal_ore":30,"minecraft:oak_log":101,"minecraft:deepslate_iron_ore":5,"minecraft:dirt":14,"minecraft:bamboo":7,"minecraft:stone":124,"minecraft:deepslate_emerald_ore":6,"minecraft:gold_ore":17,"minecraft:deepslate":3,"minecraft:oak_leaves":46}},"DataVersion":3120}