{"stats":{"minecraft:killed":{"minecraft:zombified_piglin":1,"midnightlurker:villager_outcast":1,"john_mod_reborn:hugging_john":1,"minecraft:drowned":3,"minecraft:turtle":1,"minecraft:squid":1,"minecraft:polar_bear":1,"minecraft:zombie":2,"minecraft:stray":5},"minecraft:crafted":{"minecraft:oak_planks":188,"minecraft:coal":9,"minecraft:cobblestone_slab":24,"minecraft:stone_shovel":1,"minecraft:birch_slab":144,"minecraft:furnace":1,"minecraft:dark_oak_sign":3,"minecraft:oak_trapdoor":6,"minecraft:iron_axe":1,"minecraft:spruce_slab":354,"minecraft:dark_oak_planks":52,"minecraft:stone_hoe":1,"minecraft:oak_slab":324,"minecraft:crafting_table":2,"minecraft:spruce_planks":180,"minecraft:iron_helmet":1,"minecraft:birch_planks":80,"minecraft:air":0,"minecraft:dark_oak_slab":120,"minecraft:iron_chestplate":1,"minecraft:shield":1,"minecraft:stick":16,"minecraft:andesite_slab":24,"minecraft:iron_ingot":20,"minecraft:iron_pickaxe":1,"minecraft:wooden_axe":1,"minecraft:snow_block":14,"minecraft:iron_shovel":1},"minecraft:mined":{"minecraft:dark_prismarine":29,"minecraft:diamond_ore":1,"minecraft:oak_sapling":2,"minecraft:dark_oak_log":12,"minecraft:sea_lantern":14,"gravestone:gravestone":17,"minecraft:granite":6,"minecraft:grass_block":81,"minecraft:dead_tube_coral_block":1,"minecraft:coal_block":1,"minecraft:bubble_coral_block":7,"minecraft:tube_coral_block":5,"minecraft:furnace":1,"minecraft:iron_ore":13,"minecraft:fire":14,"minecraft:andesite":11,"minecraft:pumpkin":5,"minecraft:gold_block":1,"minecraft:dead_horn_coral_block":3,"minecraft:packed_ice":9,"minecraft:stone":41,"minecraft:brain_coral_block":9,"minecraft:fire_coral_block":8,"minecraft:spruce_slab":4,"minecraft:podzol":10,"minecraft:oak_slab":13,"minecraft:snow_block":42,"minecraft:clay":32,"minecraft:sponge":7,"minecraft:melon":5,"minecraft:chest":17,"minecraft:andesite_slab":1,"minecraft:prismarine":26,"minecraft:diorite":14,"minecraft:iron_door":1,"minecraft:prismarine_bricks":38,"minecraft:birch_log":15,"minecraft:ice":1,"minecraft:spruce_log":18,"minecraft:dead_brain_coral_block":2,"minecraft:oak_log":38,"minecraft:coal_ore":17,"minecraft:gravel":3,"minecraft:sand":2,"minecraft:dirt":46,"minecraft:gold_ore":5,"minecraft:horn_coral_block":7},"minecraft:killed_by":{"minecraft:player":2,"minecraft:stray":2,"creepingwoods:creature_from_the_woods_chasing":4,"jacky:jacky":1,"minecraft:pufferfish":1,"minecraft:drowned":1,"bwrtherain:vapor":1,"bwrtherain:rosemary":3},"minecraft:used":{"minecraft:oak_trapdoor":6,"minecraft:writable_book":3,"minecraft:iron_shovel":22,"minecraft:spruce_slab":324,"minecraft:stone_shovel":92,"minecraft:chest":12,"minecraft:shield":1,"minecraft:stone_hoe":66,"minecraft:torch":1,"minecraft:dirt":103,"minecraft:prismarine_bricks":7,"minecraft:snowball":21,"endofherobrine:builder_spawn_egg":2,"minecraft:wooden_axe":3,"minecraft:iron_axe":82,"minecraft:birch_sapling":3,"minecraft:oak_sapling":6,"minecraft:furnace":2,"minecraft:egg":1,"minecraft:horn_coral_fan":1,"minecraft:dark_oak_sapling":1,"minecraft:water_bucket":6,"minecraft:diorite":2,"minecraft:snow_block":8,"minecraft:dark_oak_sign":2,"minecraft:stone_pickaxe":106,"minecraft:andesite_slab":25,"minecraft:cobblestone_slab":24,"minecraft:oak_slab":171,"minecraft:crafting_table":2,"minecraft:mushroom_stew":1,"minecraft:dark_prismarine":19,"minecraft:melon_slice":7,"minecraft:birch_slab":49,"minecraft:iron_pickaxe":212,"minecraft:stone_axe":61,"minecraft:cobblestone":12,"minecraft:andesite":13,"minecraft:bucket":4,"minecraft:ice":1},"minecraft:dropped":{"minecraft:iron_helmet":2,"minecraft:iron_door":1,"gravestone:obituary":10,"minecraft:writable_book":5,"minecraft:iron_shovel":1},"minecraft:custom":{"minecraft:mob_kills":24,"minecraft:interact_with_crafting_table":26,"minecraft:leave_game":3,"minecraft:time_since_death":865,"minecraft:sprint_one_cm":166977,"minecraft:walk_one_cm":212516,"minecraft:damage_blocked_by_shield":180,"minecraft:drop":19,"minecraft:damage_dealt_absorbed":305,"minecraft:play_time":107550,"minecraft:sneak_time":19388,"minecraft:deaths":16,"minecraft:walk_under_water_one_cm":11989,"minecraft:jump":828,"minecraft:walk_on_water_one_cm":2260,"minecraft:total_world_time":107550,"minecraft:interact_with_furnace":16,"minecraft:time_since_rest":955,"minecraft:damage_taken":10303834,"minecraft:damage_dealt":4886,"minecraft:player_kills":1,"minecraft:swim_one_cm":28917,"minecraft:fly_one_cm":168125,"minecraft:open_chest":101,"minecraft:crouch_one_cm":70660,"minecraft:fall_one_cm":5935},"minecraft:picked_up":{"minecraft:wooden_axe":2,"minecraft:iron_chestplate":1,"minecraft:birch_door":1,"minecraft:bubble_coral_fan":1,"minecraft:clay_ball":132,"gravestone:obituary":14,"minecraft:dead_horn_coral_block":5,"minecraft:shield":1,"minecraft:fire_coral":3,"minecraft:string":7,"minecraft:dead_tube_coral_block":3,"minecraft:iron_axe":2,"minecraft:iron_shovel":4,"minecraft:bucket":1,"minecraft:iron_nugget":3,"minecraft:spruce_slab":2,"minecraft:iron_pickaxe":2,"minecraft:melon_slice":156,"minecraft:coal_block":2,"minecraft:chest":18,"minecraft:furnace":1,"minecraft:dark_oak_sapling":1,"minecraft:stick":4,"minecraft:raw_iron":19,"minecraft:copper_ingot":1,"minecraft:torch":1,"minecraft:bowl":3,"minecraft:diorite":30,"minecraft:prismarine_crystals":61,"minecraft:arrow":4,"minecraft:horn_coral_fan":2,"minecraft:rotten_flesh":8,"minecraft:tropical_fish":6,"minecraft:tube_coral_fan":1,"minecraft:fire_coral_fan":2,"minecraft:cod":4,"minecraft:snowball":294,"minecraft:white_wool":1,"minecraft:cobblestone":70,"minecraft:sponge":11,"minecraft:birch_log":20,"minecraft:feather":6,"minecraft:water_bucket":1,"minecraft:iron_door":1,"minecraft:andesite":19,"minecraft:salmon":2,"minecraft:music_disc_stal":2,"minecraft:birch_planks":1,"minecraft:lily_pad":2,"minecraft:oak_log":46,"minecraft:prismarine_bricks":51,"minecraft:horn_coral":2,"minecraft:dirt":179,"minecraft:paper":6,"minecraft:bone":5,"minecraft:apple":2,"minecraft:kelp":4,"minecraft:wheat_seeds":1,"minecraft:raw_gold":8,"minecraft:rabbit_hide":3,"minecraft:dark_oak_sign":1,"minecraft:prismarine":25,"minecraft:oak_planks":1,"minecraft:book":6,"minecraft:oak_slab":8,"minecraft:pumpkin":7,"minecraft:gravel":3,"minecraft:dead_fire_coral_block":8,"minecraft:sand":2,"minecraft:spruce_log":29,"minecraft:dark_oak_log":22,"minecraft:spider_eye":1,"minecraft:dark_prismarine":56,"minecraft:diamond":1,"minecraft:writable_book":5,"minecraft:dead_bubble_coral_block":8,"minecraft:dead_brain_coral_block":15,"minecraft:iron_helmet":4,"minecraft:granite":13,"minecraft:golden_apple":1,"minecraft:emerald":4,"minecraft:oak_sapling":5,"minecraft:coal":61,"minecraft:andesite_slab":1}},"DataVersion":3120}