{"stats":{"minecraft:used":{"minecraft:oak_trapdoor":29,"minecraft:moss_block":31,"minecraft:spruce_slab":126,"minecraft:stone_shovel":81,"minecraft:chest":2,"minecraft:spruce_planks":46,"minecraft:rotten_flesh":3,"minecraft:torch":59,"minecraft:dirt":307,"minecraft:hopper":4,"minecraft:iron_hoe":94,"minecraft:wooden_axe":59,"minecraft:iron_axe":402,"minecraft:magma_block":3,"minecraft:oak_sapling":31,"minecraft:furnace":1,"minecraft:wheat_seeds":219,"minecraft:water_bucket":39,"minecraft:stone_pickaxe":213,"minecraft:oak_planks":993,"minecraft:wooden_pickaxe":13,"minecraft:composter":1,"minecraft:cobblestone_slab":131,"minecraft:oak_slab":497,"minecraft:crafting_table":8,"minecraft:white_bed":2,"minecraft:mud":10,"minecraft:apple":6,"minecraft:bread":3,"minecraft:iron_pickaxe":177,"minecraft:spruce_trapdoor":50,"minecraft:spruce_sapling":5,"minecraft:stone_axe":202,"minecraft:cobblestone":1,"minecraft:pufferfish_bucket":2,"minecraft:turtle_helmet":1,"minecraft:bucket":40,"minecraft:oak_boat":1,"minecraft:bone_meal":72},"minecraft:killed_by":{"minecraft:spider":2,"old_goatman:old_goatman":1,"sanitydim:rotting_stalker":2,"sanitydim:sneaking_terror":1,"minecraft:zombie":1},"minecraft:custom":{"minecraft:mob_kills":42,"minecraft:inspect_hopper":3,"minecraft:interact_with_crafting_table":62,"minecraft:leave_game":16,"minecraft:time_since_death":1699,"minecraft:sprint_one_cm":273686,"minecraft:walk_one_cm":390640,"minecraft:drop":31,"minecraft:talked_to_villager":67,"minecraft:play_time":185179,"minecraft:deaths":14,"minecraft:sneak_time":46905,"minecraft:walk_under_water_one_cm":36034,"minecraft:boat_one_cm":6028,"minecraft:jump":1008,"minecraft:walk_on_water_one_cm":7807,"minecraft:total_world_time":185179,"minecraft:interact_with_furnace":39,"minecraft:traded_with_villager":19,"minecraft:sleep_in_bed":4,"minecraft:time_since_rest":2006,"minecraft:damage_taken":3334,"minecraft:damage_dealt":5499,"minecraft:swim_one_cm":211,"minecraft:fly_one_cm":169353,"minecraft:open_chest":154,"minecraft:crouch_one_cm":158952,"minecraft:fall_one_cm":7347},"minecraft:killed":{"minecraft:spider":8,"minecraft:pufferfish":1,"minecraft:skeleton":3,"endofherobrine:armor_stand":1,"minecraft:zombie_villager":1,"minecraft:creeper":10,"minecraft:zombie":14,"minecraft:enderman":1},"minecraft:dropped":{"minecraft:iron_ingot":16,"minecraft:oak_slab":76,"minecraft:moss_block":1,"minecraft:cobblestone":18,"minecraft:red_mushroom":3,"minecraft:dirt":6,"minecraft:flowering_azalea":2,"minecraft:mud":1,"minecraft:bucket":1,"minecraft:stone_axe":1,"minecraft:composter":1,"minecraft:raw_iron":3,"minecraft:stone_shovel":1,"minecraft:clay_ball":4,"minecraft:oak_planks":1,"minecraft:cobblestone_slab":8,"minecraft:gunpowder":4,"minecraft:oak_boat":1,"minecraft:magma_block":1},"minecraft:crafted":{"minecraft:oak_planks":1216,"minecraft:raw_iron":22,"minecraft:cobblestone_slab":198,"minecraft:stone_shovel":1,"minecraft:sand":64,"minecraft:furnace":1,"minecraft:pufferfish_bucket":2,"minecraft:bone_meal":90,"minecraft:oak_trapdoor":28,"minecraft:iron_boots":1,"minecraft:iron_axe":2,"minecraft:iron_hoe":1,"minecraft:spruce_slab":126,"minecraft:stone_pickaxe":2,"minecraft:chest":2,"minecraft:turtle_helmet":1,"minecraft:magma_block":4,"minecraft:oak_slab":450,"minecraft:scute":8,"minecraft:crafting_table":6,"minecraft:spruce_planks":312,"minecraft:iron_helmet":1,"minecraft:wooden_pickaxe":1,"minecraft:bucket":3,"minecraft:bone":69,"minecraft:stone_axe":2,"minecraft:bread":43,"minecraft:air":0,"minecraft:oak_boat":1,"minecraft:spruce_trapdoor":60,"minecraft:white_wool":4,"minecraft:iron_chestplate":1,"minecraft:raw_gold":2,"minecraft:stick":28,"minecraft:iron_ingot":112,"minecraft:iron_pickaxe":3,"minecraft:wooden_axe":1,"minecraft:iron_shovel":1,"minecraft:iron_leggings":1,"minecraft:white_bed":2,"minecraft:composter":1,"minecraft:torch":56},"minecraft:picked_up":{"minecraft:mud":106,"minecraft:crafting_table":5,"minecraft:wheat":134,"minecraft:clay_ball":84,"minecraft:brown_mushroom":64,"minecraft:string":32,"minecraft:oak_trapdoor":1,"minecraft:raw_copper":4,"minecraft:iron_axe":1,"minecraft:pufferfish":1,"minecraft:cobbled_deepslate":19,"minecraft:bucket":2,"minecraft:spruce_planks":4,"minecraft:oak_boat":3,"minecraft:cobblestone_slab":3,"minecraft:stick":41,"minecraft:raw_iron":43,"minecraft:composter":1,"minecraft:torch":20,"minecraft:diorite":11,"minecraft:redstone":80,"minecraft:rotten_flesh":134,"minecraft:arrow":159,"minecraft:stone_shovel":2,"minecraft:cobblestone":178,"minecraft:magma_block":4,"minecraft:andesite":1,"minecraft:red_mushroom":19,"minecraft:oak_log":340,"minecraft:gunpowder":121,"minecraft:dirt":380,"minecraft:bone":101,"minecraft:apple":4,"minecraft:bow":7,"minecraft:wheat_seeds":479,"minecraft:raw_gold":1,"minecraft:iron_ingot":11,"minecraft:moss_block":135,"minecraft:oak_planks":362,"minecraft:flowering_azalea":2,"minecraft:oak_slab":272,"minecraft:spruce_sapling":7,"minecraft:spruce_log":78,"minecraft:spider_eye":4,"minecraft:iron_hoe":1,"minecraft:slime_ball":12,"minecraft:stone_axe":3,"minecraft:scute":3,"minecraft:granite":2,"minecraft:emerald":2,"minecraft:bread":19,"minecraft:oak_sapling":45,"minecraft:coal":72,"minecraft:hopper":4,"minecraft:ender_pearl":1},"minecraft:broken":{"minecraft:stone_pickaxe":1,"minecraft:iron_axe":1,"minecraft:stone_axe":1,"minecraft:wooden_axe":1},"minecraft:mined":{"minecraft:oak_sapling":2,"minecraft:spruce_planks":4,"minecraft:white_bed":1,"minecraft:grass_block":218,"minecraft:spruce_leaves":62,"minecraft:composter":1,"minecraft:moss_block":109,"minecraft:magma_block":4,"minecraft:oak_trapdoor":1,"minecraft:spruce_sapling":1,"minecraft:iron_ore":25,"minecraft:andesite":1,"minecraft:cobblestone_slab":4,"minecraft:stone":130,"minecraft:oak_slab":35,"minecraft:flowering_azalea":1,"minecraft:crafting_table":5,"minecraft:torch":24,"minecraft:cobblestone":5,"minecraft:oak_planks":49,"minecraft:mud":61,"minecraft:wheat":138,"minecraft:spruce_log":79,"minecraft:grass":4,"minecraft:oak_log":315,"minecraft:coal_ore":35,"minecraft:dirt":11,"minecraft:oak_leaves":130}},"DataVersion":3120}