{"stats":{"minecraft:used":{"minecraft:dirt":1},"minecraft:dropped":{"minecraft:dirt":1},"minecraft:custom":{"minecraft:jump":8,"minecraft:time_since_rest":1554,"minecraft:crouch_one_cm":21,"minecraft:play_one_minute":1554,"minecraft:sprint_one_cm":841,"minecraft:time_since_death":1554,"minecraft:walk_one_cm":1449,"minecraft:sneak_time":8,"minecraft:fall_one_cm":209,"minecraft:drop":1,"minecraft:fly_one_cm":731},"minecraft:picked_up":{"minecraft:dirt":3},"minecraft:mined":{"minecraft:grass_block":1,"minecraft:dirt":1}},"DataVersion":2586}