{"stats":{"minecraft:broken":{"minecraft:wooden_shovel":1,"minecraft:stone_axe":1,"minecraft:iron_pickaxe":1,"minecraft:wooden_axe":1},"minecraft:dropped":{"minecraft:oak_planks":56,"minecraft:azure_bluet":1,"minecraft:oxeye_daisy":1,"minecraft:diorite":1,"minecraft:bucket":1,"minecraft:dandelion":4},"minecraft:killed_by":{"bwrtherain:rosemary":2,"bwrtherain:vapor":1,"siren_head:siren_head":1},"minecraft:picked_up":{"minecraft:mud":67,"minecraft:azure_bluet":1,"minecraft:andesite":14,"minecraft:clay_ball":96,"minecraft:oak_log":126,"sanitydim:garland":1,"minecraft:dirt":354,"minecraft:raw_copper":42,"minecraft:apple":1,"minecraft:wheat_seeds":10,"minecraft:cobbled_deepslate":5,"minecraft:raw_gold":25,"minecraft:iron_pickaxe":1,"minecraft:moss_block":112,"minecraft:oak_slab":7,"minecraft:stick":11,"minecraft:raw_iron":31,"minecraft:dandelion":4,"minecraft:spruce_sapling":4,"minecraft:diorite":16,"minecraft:carrot":389,"minecraft:redstone":107,"minecraft:rotten_flesh":5,"minecraft:diamond":2,"minecraft:granite":17,"minecraft:bone_meal":8,"minecraft:emerald":5,"minecraft:oak_sapling":21,"minecraft:coal":41,"minecraft:cobblestone":134,"minecraft:oxeye_daisy":1},"minecraft:crafted":{"minecraft:oak_slab":1170,"minecraft:oak_planks":496,"minecraft:raw_iron":16,"minecraft:wooden_shovel":1,"minecraft:cobblestone_slab":6,"minecraft:crafting_table":1,"minecraft:gravel":28,"minecraft:wooden_pickaxe":1,"minecraft:sand":29,"minecraft:furnace":1,"minecraft:sugar_cane":1,"minecraft:pufferfish_bucket":2,"minecraft:bone_meal":258,"minecraft:bone":85,"minecraft:stone_axe":1,"minecraft:air":0,"minecraft:iron_axe":1,"minecraft:stick":16,"minecraft:iron_ingot":26,"minecraft:iron_pickaxe":1,"minecraft:stone_pickaxe":1,"minecraft:wooden_axe":1,"minecraft:chest":2,"minecraft:composter":1,"minecraft:stone_hoe":1,"minecraft:carrot":12,"minecraft:clay":2},"minecraft:used":{"minecraft:moss_block":73,"minecraft:water_bucket":10,"minecraft:stone_pickaxe":88,"minecraft:chest":2,"minecraft:wooden_pickaxe":33,"minecraft:composter":1,"minecraft:clay":2,"minecraft:wooden_shovel":59,"minecraft:cobblestone_slab":2,"minecraft:stone_hoe":80,"minecraft:dirt":206,"sanitydim:garland":1,"minecraft:oak_slab":697,"minecraft:crafting_table":1,"minecraft:carrot":187,"endofherobrine:builder_spawn_egg":2,"minecraft:mud":3,"minecraft:wooden_axe":59,"minecraft:iron_axe":8,"minecraft:iron_pickaxe":297,"minecraft:stone_axe":121,"minecraft:cobblestone":3,"minecraft:pufferfish_bucket":3,"minecraft:furnace":1,"minecraft:oak_sapling":4,"minecraft:bucket":12,"minecraft:andesite":2,"minecraft:bone_meal":236},"minecraft:custom":{"minecraft:interact_with_furnace":15,"minecraft:mob_kills":4,"minecraft:traded_with_villager":16,"minecraft:interact_with_crafting_table":25,"minecraft:leave_game":22,"minecraft:time_since_death":24351,"minecraft:sleep_in_bed":3,"minecraft:time_since_rest":6795,"minecraft:sprint_one_cm":187187,"minecraft:damage_taken":10203458,"minecraft:walk_one_cm":215904,"minecraft:drop":8,"minecraft:damage_dealt":1017,"minecraft:swim_one_cm":7780,"minecraft:talked_to_villager":62,"minecraft:fly_one_cm":226225,"minecraft:open_chest":46,"minecraft:crouch_one_cm":86969,"minecraft:play_time":121594,"minecraft:deaths":20,"minecraft:sneak_time":27934,"minecraft:walk_under_water_one_cm":9352,"minecraft:jump":1023,"minecraft:walk_on_water_one_cm":3142,"minecraft:total_world_time":121594,"minecraft:fall_one_cm":6605},"minecraft:killed":{"minecraft:zombie":4},"minecraft:mined":{"minecraft:deepslate_redstone_ore":3,"minecraft:oak_slab":43,"minecraft:oak_sapling":1,"minecraft:deepslate_diamond_ore":1,"minecraft:dandelion":6,"minecraft:clay":8,"minecraft:granite":17,"minecraft:grass_block":158,"minecraft:copper_ore":12,"minecraft:tall_grass":18,"minecraft:cobblestone":4,"minecraft:deepslate_coal_ore":2,"minecraft:spruce_leaves":44,"minecraft:deepslate_gold_ore":4,"minecraft:moss_block":89,"minecraft:diorite":11,"minecraft:oxeye_daisy":2,"minecraft:redstone_ore":18,"minecraft:spruce_sapling":1,"minecraft:carrots":107,"minecraft:mud":47,"minecraft:iron_ore":22,"minecraft:andesite":11,"minecraft:azure_bluet":1,"minecraft:grass":97,"minecraft:coal_ore":30,"minecraft:oak_log":101,"minecraft:deepslate_iron_ore":5,"minecraft:dirt":14,"minecraft:stone":124,"minecraft:deepslate_emerald_ore":5,"minecraft:gold_ore":17,"minecraft:deepslate":3,"minecraft:oak_leaves":46}},"DataVersion":3120}