{"stat.leaveGame":4,"stat.mineBlock.minecraft.cobblestone":2,"stat.jump":604,"stat.swimOneCm":1265,"stat.fallOneCm":19395,"stat.useItem.minecraft.stone_axe":23,"stat.crouchOneCm":1528,"stat.pickup.minecraft.spider_eye":1,"stat.craftItem.minecraft.iron_ingot":5,"stat.pickup.minecraft.dirt":12,"stat.useItem.minecraft.stone_slab2":10,"stat.craftingTableInteraction":6,"stat.pickup.minecraft.iron_ore":8,"stat.pickup.minecraft.rotten_flesh":2,"stat.craftItem.minecraft.furnace":1,"stat.craftItem.minecraft.stone_axe":1,"stat.damageTaken":1515,"stat.craftItem.minecraft.stone_pickaxe":1,"stat.useItem.minecraft.wooden_pickaxe":3,"stat.pickup.minecraft.cobblestone":19,"stat.flyOneCm":86843,"tombstone:undead_killed":1,"stat.pickup.minecraft.wheat_seeds":1,"stat.useItem.minecraft.stone_pickaxe":25,"stat.damageDealt":909,"stat.mineBlock.minecraft.iron_ore":6,"stat.timeSinceDeath":534,"stat.mineBlock.minecraft.dirt":5,"stat.craftItem.minecraft.wooden_pickaxe":1,"stat.pickup.minecraft.chainmail_boots":1,"stat.walkOneCm":52044,"stat.drop.tombstone.crafting_ingredient":1,"stat.useItem.minecraft.cobblestone":2,"stat.craftItem.minecraft.crafting_table":1,"stat.furnaceInteraction":9,"stat.drop.minecraft.dirt":3,"stat.drop.minecraft.red_flower":1,"stat.pickup.minecraft.log":18,"stat.pickup.minecraft.string":3,"stat.useItem.tombstone.gift":1,"stat.pickup.tombstone.crafting_ingredient":1,"stat.entityKilledBy.Skeleton":1,"stat.craftItem.minecraft.stone_slab2":0,"stat.drop.minecraft.sapling":1,"stat.pickup.minecraft.sapling":13,"stat.sprintOneCm":76143,"stat.craftItem.minecraft.stick":8,"stat.craftItem.minecraft.planks":20,"stat.killEntity.Spider":3,"stat.mobKills":4,"stat.mineBlock.minecraft.log":14,"stat.deaths":6,"stat.drop":8,"stat.mineBlock.minecraft.leaves":9,"stat.playOneMinute":32089,"stat.drop.tombstone.grave_key":2,"stat.pickup.minecraft.red_flower":2,"stat.pickup.tombstone.grave_key":2,"stat.sneakTime":661,"stat.killEntity.Zombie":1,"stat.pickup.zawa.care_guide":2,"stat.drop.zawa.care_guide":1,"stat.mineBlock.minecraft.stone":18,"stat.mineBlock.minecraft.tallgrass":1,"stat.diveOneCm":2363}