{"stats":{"minecraft:broken":{"minecraft:wooden_shovel":1,"minecraft:wooden_axe":1},"minecraft:dropped":{"minecraft:oak_planks":56,"minecraft:azure_bluet":1,"minecraft:oxeye_daisy":1,"minecraft:bucket":1,"minecraft:dandelion":4},"minecraft:killed_by":{"bwrtherain:rosemary":2,"bwrtherain:vapor":1,"siren_head:siren_head":1},"minecraft:picked_up":{"minecraft:mud":45,"minecraft:azure_bluet":1,"minecraft:andesite":6,"minecraft:clay_ball":12,"minecraft:oak_log":96,"sanitydim:garland":1,"minecraft:dirt":293,"minecraft:wheat_seeds":10,"minecraft:moss_block":73,"minecraft:oak_slab":6,"minecraft:stick":11,"minecraft:raw_iron":6,"minecraft:dandelion":4,"minecraft:spruce_sapling":3,"minecraft:diorite":1,"minecraft:carrot":389,"minecraft:rotten_flesh":5,"minecraft:bone_meal":8,"minecraft:oak_sapling":21,"minecraft:coal":4,"minecraft:cobblestone":65,"minecraft:oxeye_daisy":1},"minecraft:crafted":{"minecraft:oak_slab":756,"minecraft:oak_planks":288,"minecraft:raw_iron":16,"minecraft:wooden_shovel":1,"minecraft:cobblestone_slab":6,"minecraft:crafting_table":1,"minecraft:gravel":28,"minecraft:wooden_pickaxe":1,"minecraft:sand":29,"minecraft:furnace":1,"minecraft:sugar_cane":1,"minecraft:pufferfish_bucket":2,"minecraft:bone_meal":258,"minecraft:bone":85,"minecraft:stone_axe":1,"minecraft:air":0,"minecraft:stick":16,"minecraft:iron_ingot":18,"minecraft:stone_pickaxe":1,"minecraft:wooden_axe":1,"minecraft:chest":2,"minecraft:composter":1,"minecraft:stone_hoe":1,"minecraft:carrot":12},"minecraft:used":{"minecraft:moss_block":73,"minecraft:water_bucket":10,"minecraft:stone_pickaxe":83,"minecraft:chest":2,"minecraft:wooden_pickaxe":33,"minecraft:composter":1,"minecraft:wooden_shovel":59,"minecraft:cobblestone_slab":2,"minecraft:stone_hoe":80,"minecraft:dirt":144,"sanitydim:garland":1,"minecraft:oak_slab":697,"minecraft:crafting_table":1,"minecraft:carrot":187,"minecraft:mud":3,"minecraft:wooden_axe":59,"minecraft:stone_axe":118,"minecraft:cobblestone":3,"minecraft:pufferfish_bucket":3,"minecraft:furnace":1,"minecraft:oak_sapling":4,"minecraft:bucket":12,"minecraft:andesite":2,"minecraft:bone_meal":236},"minecraft:custom":{"minecraft:interact_with_furnace":7,"minecraft:mob_kills":4,"minecraft:traded_with_villager":16,"minecraft:interact_with_crafting_table":18,"minecraft:leave_game":22,"minecraft:time_since_death":351,"minecraft:sleep_in_bed":2,"minecraft:time_since_rest":0,"minecraft:sprint_one_cm":164643,"minecraft:damage_taken":10203456,"minecraft:walk_one_cm":172615,"minecraft:drop":7,"minecraft:damage_dealt":1007,"minecraft:swim_one_cm":7780,"minecraft:talked_to_villager":43,"minecraft:fly_one_cm":200967,"minecraft:open_chest":34,"minecraft:crouch_one_cm":83713,"minecraft:play_time":97594,"minecraft:deaths":20,"minecraft:sneak_time":25010,"minecraft:walk_under_water_one_cm":9352,"minecraft:jump":877,"minecraft:walk_on_water_one_cm":3142,"minecraft:total_world_time":97594,"minecraft:fall_one_cm":4933},"minecraft:killed":{"minecraft:zombie":4},"minecraft:mined":{"minecraft:oak_slab":37,"minecraft:oak_sapling":1,"minecraft:dandelion":6,"minecraft:grass_block":137,"minecraft:tall_grass":18,"minecraft:cobblestone":4,"minecraft:spruce_leaves":36,"minecraft:moss_block":65,"minecraft:oxeye_daisy":2,"minecraft:spruce_sapling":1,"minecraft:carrots":107,"minecraft:mud":35,"minecraft:iron_ore":4,"minecraft:andesite":2,"minecraft:azure_bluet":1,"minecraft:grass":97,"minecraft:oak_log":91,"minecraft:dirt":13,"minecraft:stone":56,"minecraft:oak_leaves":41}},"DataVersion":3120}