{"stats":{"minecraft:broken":{"minecraft:wooden_axe":1},"minecraft:killed_by":{"bwrtherain:vapor":1},"minecraft:dropped":{"minecraft:oak_planks":56},"minecraft:picked_up":{"minecraft:mud":30,"minecraft:oak_log":61,"minecraft:spruce_sapling":2,"minecraft:dirt":110,"minecraft:oak_sapling":4,"minecraft:moss_block":60,"minecraft:cobblestone":43},"minecraft:crafted":{"minecraft:oak_planks":232,"minecraft:wooden_shovel":1,"minecraft:crafting_table":1,"minecraft:stick":16,"minecraft:wooden_pickaxe":1,"minecraft:gravel":28,"minecraft:stone_pickaxe":1,"minecraft:wooden_axe":1,"minecraft:chest":2,"minecraft:sugar_cane":1,"minecraft:stone_axe":1},"minecraft:used":{"minecraft:wooden_axe":59,"minecraft:stone_pickaxe":52,"minecraft:chest":2,"minecraft:wooden_pickaxe":33,"minecraft:wooden_shovel":57,"minecraft:stone_axe":23,"minecraft:dirt":2,"minecraft:crafting_table":1,"minecraft:oak_sapling":3},"minecraft:custom":{"minecraft:time_since_rest":2572,"minecraft:sprint_one_cm":13859,"minecraft:damage_taken":10001241,"minecraft:walk_one_cm":28722,"minecraft:drop":2,"minecraft:damage_dealt":27,"minecraft:traded_with_villager":2,"minecraft:talked_to_villager":12,"minecraft:interact_with_crafting_table":10,"minecraft:fly_one_cm":18164,"minecraft:open_chest":5,"minecraft:crouch_one_cm":18896,"minecraft:play_time":34328,"minecraft:deaths":6,"minecraft:sneak_time":11636,"minecraft:jump":84,"minecraft:leave_game":8,"minecraft:time_since_death":2542,"minecraft:total_world_time":34328,"minecraft:fall_one_cm":418},"minecraft:mined":{"minecraft:mud":28,"minecraft:oak_log":60,"minecraft:grass_block":125,"minecraft:spruce_leaves":34,"minecraft:stone":43,"minecraft:moss_block":61,"minecraft:oak_leaves":27}},"DataVersion":3120}