{"stats":{"minecraft:broken":{"minecraft:wooden_shovel":1,"minecraft:wooden_axe":1},"minecraft:killed_by":{"bwrtherain:vapor":1},"minecraft:dropped":{"minecraft:oak_planks":56,"minecraft:azure_bluet":1,"minecraft:oxeye_daisy":1,"minecraft:bucket":1,"minecraft:dandelion":4},"minecraft:picked_up":{"minecraft:mud":42,"minecraft:azure_bluet":1,"minecraft:oak_log":74,"sanitydim:garland":1,"minecraft:dirt":287,"minecraft:wheat_seeds":10,"minecraft:moss_block":69,"minecraft:raw_iron":4,"minecraft:oak_slab":5,"minecraft:stick":4,"minecraft:dandelion":4,"minecraft:spruce_sapling":3,"minecraft:rotten_flesh":3,"minecraft:bone_meal":8,"minecraft:oak_sapling":10,"minecraft:coal":3,"minecraft:cobblestone":58,"minecraft:oxeye_daisy":1},"minecraft:crafted":{"minecraft:oak_slab":756,"minecraft:oak_planks":288,"minecraft:raw_iron":16,"minecraft:wooden_shovel":1,"minecraft:cobblestone_slab":6,"minecraft:crafting_table":1,"minecraft:gravel":28,"minecraft:wooden_pickaxe":1,"minecraft:furnace":1,"minecraft:sugar_cane":1,"minecraft:pufferfish_bucket":2,"minecraft:bone_meal":9,"minecraft:bone":19,"minecraft:stone_axe":1,"minecraft:air":0,"minecraft:stick":16,"minecraft:iron_ingot":18,"minecraft:stone_pickaxe":1,"minecraft:wooden_axe":1,"minecraft:chest":2,"minecraft:composter":1,"minecraft:stone_hoe":1,"minecraft:carrot":12},"minecraft:used":{"minecraft:moss_block":73,"minecraft:water_bucket":9,"minecraft:stone_pickaxe":77,"minecraft:chest":2,"minecraft:wooden_pickaxe":33,"minecraft:composter":1,"minecraft:wooden_shovel":59,"minecraft:cobblestone_slab":2,"minecraft:dirt":95,"sanitydim:garland":1,"minecraft:oak_slab":597,"minecraft:crafting_table":1,"minecraft:mud":3,"minecraft:wooden_axe":59,"minecraft:stone_axe":86,"minecraft:pufferfish_bucket":3,"minecraft:furnace":1,"minecraft:oak_sapling":4,"minecraft:bucket":10,"minecraft:bone_meal":11},"minecraft:custom":{"minecraft:interact_with_furnace":4,"minecraft:mob_kills":3,"minecraft:traded_with_villager":12,"minecraft:interact_with_crafting_table":18,"minecraft:leave_game":14,"minecraft:time_since_death":9545,"minecraft:time_since_rest":9571,"minecraft:sprint_one_cm":90775,"minecraft:damage_taken":10001881,"minecraft:walk_one_cm":98514,"minecraft:drop":7,"minecraft:damage_dealt":807,"minecraft:swim_one_cm":3363,"minecraft:talked_to_villager":35,"minecraft:fly_one_cm":122388,"minecraft:open_chest":23,"minecraft:crouch_one_cm":73658,"minecraft:play_time":75628,"minecraft:deaths":12,"minecraft:sneak_time":22778,"minecraft:walk_under_water_one_cm":5731,"minecraft:jump":562,"minecraft:walk_on_water_one_cm":2463,"minecraft:total_world_time":75628,"minecraft:fall_one_cm":2783},"minecraft:killed":{"minecraft:zombie":3},"minecraft:mined":{"minecraft:oak_slab":37,"minecraft:oak_sapling":1,"minecraft:dandelion":6,"minecraft:grass_block":136,"minecraft:tall_grass":18,"minecraft:spruce_leaves":36,"minecraft:moss_block":65,"minecraft:oxeye_daisy":2,"minecraft:spruce_sapling":1,"minecraft:mud":35,"minecraft:iron_ore":4,"minecraft:azure_bluet":1,"minecraft:grass":97,"minecraft:oak_log":72,"minecraft:dirt":11,"minecraft:stone":56,"minecraft:oak_leaves":31}},"DataVersion":3120}