{"stats":{"minecraft:used":{"minecraft:wooden_axe":29,"minecraft:dirt":2,"minecraft:crafting_table":1,"minecraft:oak_sapling":2,"minecraft:wooden_pickaxe":11,"minecraft:wooden_shovel":13},"minecraft:custom":{"minecraft:time_since_rest":28,"minecraft:damage_taken":750,"minecraft:play_time":21378,"minecraft:crouch_one_cm":12130,"minecraft:sprint_one_cm":3018,"minecraft:walk_one_cm":13250,"minecraft:deaths":3,"minecraft:sneak_time":7420,"minecraft:drop":2,"minecraft:jump":10,"minecraft:damage_dealt":27,"minecraft:leave_game":5,"minecraft:time_since_death":0,"minecraft:total_world_time":21378,"minecraft:interact_with_crafting_table":5,"minecraft:talked_to_villager":6,"minecraft:fly_one_cm":1139},"minecraft:crafted":{"minecraft:oak_planks":104,"minecraft:wooden_shovel":1,"minecraft:crafting_table":1,"minecraft:stick":8,"minecraft:wooden_pickaxe":1,"minecraft:wooden_axe":1},"minecraft:dropped":{"minecraft:oak_planks":56},"minecraft:picked_up":{"minecraft:mud":16,"minecraft:oak_log":30,"minecraft:oak_sapling":2,"minecraft:moss_block":39,"minecraft:dirt":67,"minecraft:cobblestone":5},"minecraft:mined":{"minecraft:grass_block":81,"minecraft:oak_log":30,"minecraft:mud":14,"minecraft:spruce_leaves":14,"minecraft:stone":6,"minecraft:moss_block":40,"minecraft:oak_leaves":13}},"DataVersion":3120}