{"stats":{"minecraft:broken":{"minecraft:wooden_axe":1,"minecraft:wooden_shovel":1},"minecraft:killed_by":{"bwrtherain:vapor":1},"minecraft:picked_up":{"minecraft:mud":31,"minecraft:stick":3,"minecraft:azure_bluet":1,"minecraft:dandelion":4,"minecraft:oak_log":68,"minecraft:spruce_sapling":2,"sanitydim:garland":1,"minecraft:dirt":113,"minecraft:wheat_seeds":10,"minecraft:bone_meal":8,"minecraft:oak_sapling":10,"minecraft:moss_block":63,"minecraft:cobblestone":47,"minecraft:oxeye_daisy":1},"minecraft:dropped":{"minecraft:oxeye_daisy":1,"minecraft:oak_planks":56,"minecraft:azure_bluet":1,"minecraft:dandelion":4},"minecraft:crafted":{"minecraft:oak_slab":384,"minecraft:oak_planks":232,"minecraft:wooden_shovel":1,"minecraft:cobblestone_slab":6,"minecraft:crafting_table":1,"minecraft:stick":16,"minecraft:wooden_pickaxe":1,"minecraft:gravel":28,"minecraft:stone_pickaxe":1,"minecraft:wooden_axe":1,"minecraft:chest":2,"minecraft:sugar_cane":1,"minecraft:composter":1,"minecraft:bone_meal":9,"minecraft:stone_axe":1,"minecraft:air":0},"minecraft:used":{"minecraft:moss_block":68,"minecraft:wooden_axe":59,"minecraft:stone_pickaxe":61,"minecraft:chest":2,"minecraft:wooden_pickaxe":33,"minecraft:composter":1,"minecraft:cobblestone_slab":2,"minecraft:wooden_shovel":59,"minecraft:stone_axe":38,"minecraft:dirt":2,"sanitydim:garland":1,"minecraft:oak_slab":14,"minecraft:crafting_table":1,"minecraft:oak_sapling":4,"minecraft:bone_meal":11},"minecraft:custom":{"minecraft:time_since_rest":6603,"minecraft:sprint_one_cm":34216,"minecraft:damage_taken":10001461,"minecraft:walk_one_cm":57811,"minecraft:drop":6,"minecraft:damage_dealt":207,"minecraft:traded_with_villager":5,"minecraft:talked_to_villager":16,"minecraft:interact_with_crafting_table":13,"minecraft:fly_one_cm":46943,"minecraft:open_chest":15,"minecraft:crouch_one_cm":22926,"minecraft:play_time":46210,"minecraft:deaths":7,"minecraft:sneak_time":12655,"minecraft:jump":224,"minecraft:leave_game":9,"minecraft:time_since_death":6579,"minecraft:total_world_time":46210,"minecraft:fall_one_cm":836},"minecraft:mined":{"minecraft:oak_sapling":1,"minecraft:mud":30,"minecraft:dandelion":6,"minecraft:azure_bluet":1,"minecraft:grass":97,"minecraft:oak_log":69,"minecraft:grass_block":130,"minecraft:tall_grass":18,"minecraft:spruce_leaves":35,"minecraft:stone":51,"minecraft:moss_block":64,"minecraft:oxeye_daisy":2,"minecraft:oak_leaves":29}},"DataVersion":3120}