{"stats":{"minecraft:broken":{"minecraft:wooden_shovel":1,"minecraft:wooden_axe":1},"minecraft:killed_by":{"bwrtherain:vapor":1},"minecraft:dropped":{"minecraft:oak_planks":56,"minecraft:azure_bluet":1,"minecraft:oxeye_daisy":1,"minecraft:bucket":1,"minecraft:dandelion":4},"minecraft:picked_up":{"minecraft:mud":38,"minecraft:azure_bluet":1,"minecraft:oak_log":72,"sanitydim:garland":1,"minecraft:dirt":119,"minecraft:wheat_seeds":10,"minecraft:moss_block":66,"minecraft:raw_iron":4,"minecraft:oak_slab":4,"minecraft:stick":4,"minecraft:dandelion":4,"minecraft:spruce_sapling":2,"minecraft:rotten_flesh":2,"minecraft:bone_meal":8,"minecraft:oak_sapling":10,"minecraft:cobblestone":55,"minecraft:oxeye_daisy":1},"minecraft:crafted":{"minecraft:oak_slab":384,"minecraft:oak_planks":268,"minecraft:raw_iron":16,"minecraft:wooden_shovel":1,"minecraft:cobblestone_slab":6,"minecraft:crafting_table":1,"minecraft:gravel":28,"minecraft:wooden_pickaxe":1,"minecraft:furnace":1,"minecraft:sugar_cane":1,"minecraft:pufferfish_bucket":2,"minecraft:bone_meal":9,"minecraft:stone_axe":1,"minecraft:air":0,"minecraft:stick":16,"minecraft:iron_ingot":18,"minecraft:stone_pickaxe":1,"minecraft:wooden_axe":1,"minecraft:chest":2,"minecraft:composter":1},"minecraft:used":{"minecraft:moss_block":73,"minecraft:water_bucket":4,"minecraft:stone_pickaxe":77,"minecraft:chest":2,"minecraft:wooden_pickaxe":33,"minecraft:composter":1,"minecraft:wooden_shovel":59,"minecraft:cobblestone_slab":2,"minecraft:dirt":7,"sanitydim:garland":1,"minecraft:oak_slab":287,"minecraft:crafting_table":1,"minecraft:mud":3,"minecraft:wooden_axe":59,"minecraft:stone_axe":73,"minecraft:pufferfish_bucket":3,"minecraft:furnace":1,"minecraft:oak_sapling":4,"minecraft:bucket":6,"minecraft:bone_meal":11},"minecraft:custom":{"minecraft:interact_with_furnace":4,"minecraft:mob_kills":2,"minecraft:traded_with_villager":9,"minecraft:interact_with_crafting_table":15,"minecraft:leave_game":14,"minecraft:time_since_death":0,"minecraft:time_since_rest":13,"minecraft:sprint_one_cm":70883,"minecraft:damage_taken":10001861,"minecraft:walk_one_cm":76931,"minecraft:drop":7,"minecraft:damage_dealt":607,"minecraft:swim_one_cm":3363,"minecraft:talked_to_villager":20,"minecraft:fly_one_cm":97146,"minecraft:open_chest":17,"minecraft:crouch_one_cm":47408,"minecraft:play_time":61329,"minecraft:deaths":10,"minecraft:sneak_time":18030,"minecraft:walk_under_water_one_cm":4922,"minecraft:jump":395,"minecraft:walk_on_water_one_cm":1841,"minecraft:total_world_time":61329,"minecraft:fall_one_cm":1254},"minecraft:killed":{"minecraft:zombie":2},"minecraft:mined":{"minecraft:oak_slab":26,"minecraft:oak_sapling":1,"minecraft:dandelion":6,"minecraft:grass_block":134,"minecraft:tall_grass":18,"minecraft:spruce_leaves":36,"minecraft:moss_block":65,"minecraft:oxeye_daisy":2,"minecraft:mud":35,"minecraft:iron_ore":4,"minecraft:azure_bluet":1,"minecraft:grass":97,"minecraft:oak_log":72,"minecraft:dirt":5,"minecraft:stone":56,"minecraft:oak_leaves":31}},"DataVersion":3120}