{"stats":{"minecraft:mined":{"minecraft:oak_slab":3,"minecraft:oak_sapling":1,"minecraft:grass_block":172,"minecraft:cobblestone":1,"minecraft:spruce_leaves":42,"minecraft:oak_planks":3,"minecraft:moss_block":67,"minecraft:mud":39,"minecraft:iron_ore":6,"minecraft:oak_log":84,"minecraft:coal_ore":5,"minecraft:dirt":4,"minecraft:stone":84,"minecraft:oak_leaves":35},"minecraft:crafted":{"minecraft:oak_slab":162,"minecraft:oak_planks":204,"minecraft:raw_iron":2,"minecraft:stone_shovel":1,"minecraft:crafting_table":1,"minecraft:wooden_pickaxe":1,"minecraft:sand":64,"minecraft:furnace":1,"minecraft:pufferfish_bucket":2,"minecraft:bucket":1,"minecraft:stone_axe":1,"minecraft:air":0,"minecraft:oak_boat":1,"minecraft:raw_gold":2,"minecraft:stick":12,"minecraft:iron_ingot":12,"minecraft:stone_pickaxe":2,"minecraft:wooden_axe":1,"minecraft:chest":1},"minecraft:used":{"minecraft:moss_block":15,"minecraft:water_bucket":4,"minecraft:stone_shovel":67,"minecraft:stone_pickaxe":171,"minecraft:oak_planks":3,"minecraft:chest":1,"minecraft:wooden_pickaxe":13,"minecraft:dirt":86,"minecraft:oak_slab":130,"minecraft:crafting_table":1,"minecraft:mud":1,"minecraft:wooden_axe":59,"minecraft:spruce_sapling":1,"minecraft:stone_axe":80,"minecraft:pufferfish_bucket":2,"minecraft:oak_sapling":1,"minecraft:furnace":1,"minecraft:bucket":5,"minecraft:oak_boat":1},"minecraft:killed":{"minecraft:creeper":2,"minecraft:pufferfish":1,"minecraft:zombie":1},"minecraft:killed_by":{"sanitydim:sneaking_terror":1,"sanitydim:rotting_stalker":2},"minecraft:broken":{"minecraft:wooden_axe":1},"minecraft:dropped":{"minecraft:stone_axe":1,"minecraft:oak_slab":76,"minecraft:moss_block":1,"minecraft:stone_shovel":1,"minecraft:cobblestone":16,"minecraft:oak_planks":1,"minecraft:dirt":6,"minecraft:oak_boat":1,"minecraft:bucket":1},"minecraft:custom":{"minecraft:interact_with_furnace":8,"minecraft:mob_kills":4,"minecraft:traded_with_villager":7,"minecraft:interact_with_crafting_table":13,"minecraft:leave_game":6,"minecraft:time_since_death":16951,"minecraft:time_since_rest":16988,"minecraft:sprint_one_cm":24922,"minecraft:damage_taken":1395,"minecraft:walk_one_cm":74021,"minecraft:drop":15,"minecraft:damage_dealt":932,"minecraft:talked_to_villager":24,"minecraft:fly_one_cm":24868,"minecraft:open_chest":37,"minecraft:crouch_one_cm":55816,"minecraft:play_time":52464,"minecraft:deaths":5,"minecraft:sneak_time":22225,"minecraft:walk_under_water_one_cm":5394,"minecraft:boat_one_cm":6028,"minecraft:jump":137,"minecraft:walk_on_water_one_cm":349,"minecraft:total_world_time":52464,"minecraft:fall_one_cm":753},"minecraft:picked_up":{"minecraft:mud":44,"minecraft:red_mushroom":1,"minecraft:oak_log":102,"minecraft:gunpowder":2,"minecraft:dirt":228,"minecraft:pufferfish":1,"minecraft:oak_boat":1,"minecraft:moss_block":91,"minecraft:oak_planks":4,"minecraft:oak_slab":79,"minecraft:stick":9,"minecraft:raw_iron":11,"minecraft:spruce_sapling":3,"minecraft:stone_shovel":1,"minecraft:stone_axe":2,"minecraft:oak_sapling":1,"minecraft:coal":7,"minecraft:cobblestone":102}},"DataVersion":3120}