{"stats":{"minecraft:killed":{"endofherobrine:silverfish":5,"minecraft:zombified_piglin":1,"midnightlurker:villager_outcast":1,"john_mod_reborn:hugging_john":1,"midnightlurker:void_hands":1,"mutationcraft:necroptor":2,"minecraft:drowned":3,"minecraft:turtle":1,"mutationcraft:assimilated_evoker":1,"minecraft:squid":1,"minecraft:polar_bear":1,"minecraft:zombie":2,"mutationcraft:assimilated_pig":1,"minecraft:stray":5,"mutationcraft:assimilated_vex":2,"mutationcraft:assimilated_wolf":1,"mutationcraft:assimilated_wandering_trader":1},"minecraft:broken":{"minecraft:iron_axe":1,"minecraft:iron_pickaxe":1,"minecraft:iron_helmet":1},"minecraft:crafted":{"minecraft:oak_planks":188,"minecraft:stone_shovel":1,"minecraft:cobblestone_slab":24,"minecraft:coal":9,"minecraft:birch_slab":144,"minecraft:furnace":1,"minecraft:dark_oak_sign":3,"minecraft:oak_trapdoor":6,"minecraft:iron_axe":2,"minecraft:spruce_slab":354,"minecraft:dark_oak_planks":52,"minecraft:stone_hoe":1,"minecraft:oak_slab":324,"minecraft:crafting_table":2,"minecraft:spruce_planks":180,"minecraft:iron_helmet":1,"minecraft:birch_planks":80,"minecraft:air":0,"minecraft:dark_oak_slab":120,"minecraft:iron_chestplate":1,"minecraft:shield":1,"minecraft:stick":20,"minecraft:andesite_slab":24,"minecraft:iron_ingot":25,"minecraft:iron_pickaxe":2,"minecraft:wooden_axe":1,"minecraft:snow_block":14,"minecraft:iron_shovel":1},"minecraft:mined":{"minecraft:dark_prismarine":29,"minecraft:diamond_ore":2,"minecraft:oak_sapling":2,"minecraft:mossy_cobblestone":7,"minecraft:dark_oak_log":12,"minecraft:sea_lantern":14,"gravestone:gravestone":19,"minecraft:granite":6,"minecraft:grass_block":81,"minecraft:dead_tube_coral_block":1,"minecraft:coal_block":1,"minecraft:birch_slab":2,"minecraft:bubble_coral_block":7,"minecraft:tube_coral_block":6,"minecraft:redstone_ore":2,"minecraft:furnace":1,"minecraft:iron_ore":21,"minecraft:fire":17,"minecraft:andesite":11,"minecraft:pumpkin":5,"minecraft:gold_block":1,"minecraft:dead_horn_coral_block":3,"minecraft:packed_ice":9,"minecraft:stone":43,"minecraft:brain_coral_block":9,"minecraft:fire_coral_block":8,"minecraft:spruce_slab":4,"minecraft:podzol":10,"minecraft:oak_slab":13,"minecraft:redstone_block":1,"minecraft:snow_block":42,"minecraft:clay":32,"minecraft:sponge":8,"minecraft:melon":5,"minecraft:chest":17,"minecraft:andesite_slab":1,"minecraft:cobblestone":36,"minecraft:prismarine":33,"endofherobrine:mossy_stone_bricks":8,"minecraft:diorite":17,"minecraft:iron_door":1,"minecraft:prismarine_bricks":38,"minecraft:birch_log":15,"minecraft:ice":1,"minecraft:spruce_log":19,"minecraft:dead_brain_coral_block":2,"minecraft:oak_log":40,"minecraft:coal_ore":18,"minecraft:gravel":3,"minecraft:sand":2,"minecraft:dirt":46,"minecraft:cracked_stone_bricks":2,"minecraft:gold_ore":5,"minecraft:horn_coral_block":7},"minecraft:killed_by":{"minecraft:player":8,"minecraft:stray":2,"minecraft:creeper":1,"creepingwoods:creature_from_the_woods_chasing":4,"jacky:jacky":1,"minecraft:pufferfish":1,"minecraft:drowned":1,"mutationcraft:assimilated_bear":1,"bwrtherain:vapor":1,"bwrtherain:rosemary":3,"mutationcraft:assimilated_enderman":1},"minecraft:used":{"minecraft:oak_trapdoor":6,"minecraft:writable_book":3,"minecraft:iron_shovel":22,"minecraft:spruce_slab":324,"minecraft:stone_shovel":92,"minecraft:chest":12,"minecraft:shield":11,"minecraft:stone_hoe":66,"minecraft:torch":1,"minecraft:dirt":103,"minecraft:prismarine_bricks":7,"minecraft:cod_bucket":1,"minecraft:snowball":21,"endofherobrine:builder_spawn_egg":3,"minecraft:wooden_axe":3,"minecraft:iron_axe":147,"minecraft:birch_sapling":3,"minecraft:oak_sapling":6,"minecraft:furnace":2,"minecraft:egg":1,"minecraft:horn_coral_fan":1,"minecraft:dark_oak_sapling":1,"minecraft:water_bucket":7,"minecraft:diorite":2,"minecraft:snow_block":8,"minecraft:dark_oak_sign":2,"minecraft:stone_pickaxe":106,"minecraft:andesite_slab":25,"minecraft:cobblestone_slab":24,"minecraft:oak_slab":171,"minecraft:crafting_table":2,"minecraft:mushroom_stew":1,"minecraft:dark_prismarine":19,"minecraft:melon_slice":7,"minecraft:birch_slab":117,"minecraft:iron_pickaxe":324,"minecraft:stone_axe":61,"minecraft:cobblestone":27,"minecraft:andesite":13,"minecraft:bucket":7,"minecraft:ice":1},"minecraft:dropped":{"minecraft:water_bucket":1,"minecraft:iron_helmet":2,"minecraft:stone_button":1,"minecraft:iron_door":1,"gravestone:obituary":10,"minecraft:writable_book":5,"minecraft:iron_shovel":1,"mutationcraft:putrid_claw":1},"minecraft:custom":{"minecraft:mob_kills":40,"minecraft:interact_with_crafting_table":30,"minecraft:leave_game":4,"minecraft:time_since_death":1994,"minecraft:sprint_one_cm":214187,"minecraft:walk_one_cm":285184,"minecraft:damage_blocked_by_shield":738,"minecraft:drop":22,"minecraft:damage_dealt_absorbed":305,"minecraft:play_time":131182,"minecraft:sneak_time":22167,"minecraft:deaths":31,"minecraft:walk_under_water_one_cm":15970,"minecraft:jump":1118,"minecraft:walk_on_water_one_cm":3307,"minecraft:total_world_time":131182,"minecraft:interact_with_furnace":19,"minecraft:time_since_rest":2022,"minecraft:damage_taken":10310341,"minecraft:damage_dealt":9550,"minecraft:player_kills":4,"minecraft:swim_one_cm":46540,"minecraft:fly_one_cm":223324,"minecraft:open_chest":113,"minecraft:crouch_one_cm":79308,"minecraft:fall_one_cm":41447},"minecraft:picked_up":{"minecraft:wooden_axe":2,"minecraft:iron_chestplate":1,"minecraft:birch_door":1,"minecraft:bubble_coral_fan":1,"minecraft:redstone_block":1,"minecraft:clay_ball":132,"minecraft:lead":2,"gravestone:obituary":14,"minecraft:dead_horn_coral_block":5,"minecraft:shield":1,"minecraft:fire_coral":3,"minecraft:string":7,"minecraft:dead_tube_coral_block":4,"minecraft:iron_axe":2,"minecraft:iron_shovel":4,"minecraft:bucket":1,"minecraft:iron_nugget":3,"minecraft:iron_pickaxe":2,"minecraft:spruce_slab":2,"minecraft:melon_slice":156,"minecraft:coal_block":2,"minecraft:chest":19,"minecraft:furnace":1,"minecraft:dark_oak_sapling":1,"mutationcraft:necroptor_membrane":1,"minecraft:stick":4,"minecraft:raw_iron":28,"minecraft:copper_ingot":1,"minecraft:torch":1,"minecraft:bowl":3,"mutationcraft:putrid_claw":8,"minecraft:stone_button":1,"minecraft:diorite":33,"minecraft:redstone":9,"minecraft:prismarine_crystals":64,"minecraft:arrow":5,"minecraft:horn_coral_fan":2,"minecraft:rotten_flesh":8,"minecraft:tropical_fish":6,"minecraft:tube_coral_fan":1,"minecraft:fire_coral_fan":2,"minecraft:cod":4,"minecraft:snowball":294,"minecraft:white_wool":1,"minecraft:cobblestone":129,"minecraft:sponge":12,"minecraft:birch_log":20,"minecraft:feather":7,"minecraft:andesite":19,"minecraft:iron_door":1,"minecraft:birch_slab":2,"minecraft:water_bucket":1,"minecraft:salmon":2,"minecraft:leather":1,"minecraft:music_disc_stal":2,"minecraft:birch_planks":1,"minecraft:lily_pad":2,"minecraft:oak_log":48,"minecraft:prismarine_bricks":51,"minecraft:horn_coral":2,"minecraft:dirt":179,"minecraft:paper":6,"minecraft:bone":11,"minecraft:apple":2,"minecraft:kelp":4,"minecraft:wheat_seeds":1,"minecraft:raw_gold":8,"minecraft:rabbit_hide":3,"minecraft:dark_oak_sign":1,"minecraft:prismarine":32,"minecraft:oak_planks":1,"minecraft:book":6,"minecraft:oak_slab":8,"minecraft:pumpkin":7,"minecraft:gravel":3,"minecraft:dead_fire_coral_block":8,"minecraft:sand":2,"minecraft:spruce_log":30,"minecraft:dark_oak_log":22,"minecraft:spider_eye":1,"minecraft:mossy_cobblestone":14,"minecraft:dark_prismarine":56,"minecraft:diamond":3,"minecraft:writable_book":5,"minecraft:dead_bubble_coral_block":8,"minecraft:dead_brain_coral_block":15,"minecraft:iron_helmet":4,"minecraft:granite":13,"minecraft:golden_apple":1,"minecraft:emerald":4,"minecraft:oak_sapling":5,"minecraft:coal":65,"minecraft:andesite_slab":1}},"DataVersion":3120}