{"stat.drop.minecraft.wooden_pickaxe":1,"stat.useItem.minecraft.iron_axe":1,"stat.leaveGame":4,"stat.craftItem.minecraft.iron_axe":1,"stat.jump":168,"stat.swimOneCm":1997,"stat.fallOneCm":5691,"stat.mineBlock.minecraft.web":1,"stat.useItem.minecraft.stone_axe":13,"stat.crouchOneCm":1781,"stat.craftItem.minecraft.iron_ingot":11,"stat.pickup.minecraft.dirt":20,"stat.useItem.minecraft.dirt":1,"stat.useItem.minecraft.stone_slab2":9,"stat.craftingTableInteraction":7,"stat.pickup.minecraft.iron_ore":10,"stat.pickup.minecraft.rotten_flesh":1,"stat.craftItem.minecraft.furnace":1,"stat.useItem.minecraft.sapling":4,"stat.craftItem.minecraft.stone_axe":1,"stat.pickup.minecraft.wooden_pickaxe":2,"stat.damageTaken":530,"stat.craftItem.minecraft.stone_pickaxe":1,"stat.mineBlock.minecraft.furnace":2,"stat.useItem.minecraft.wooden_pickaxe":3,"stat.pickup.minecraft.cobblestone":22,"stat.mineBlock.minecraft.sapling":3,"stat.craftItem.minecraft.stone_sword":1,"stat.flyOneCm":28021,"tombstone:undead_killed":1,"stat.entityKilledBy.Zombie":1,"stat.useItem.minecraft.stone_pickaxe":33,"stat.useItem.minecraft.stone_sword":14,"stat.damageDealt":199,"stat.mineBlock.minecraft.iron_ore":12,"stat.timeSinceDeath":2887,"stat.mineBlock.minecraft.dirt":2,"stat.useItem.minecraft.iron_pickaxe":1,"stat.craftItem.minecraft.wooden_pickaxe":1,"stat.walkOneCm":39344,"stat.pickup.minecraft.crafting_table":2,"stat.useItem.minecraft.log":1,"stat.craftItem.minecraft.crafting_table":1,"stat.furnaceInteraction":12,"stat.pickup.minecraft.log":16,"stat.useItem.tombstone.gift":1,"stat.pickup.minecraft.furnace":2,"stat.craftItem.minecraft.stone_slab2":0,"stat.pickup.minecraft.stone":1,"stat.pickup.minecraft.sapling":6,"stat.sprintOneCm":29904,"stat.craftItem.minecraft.stick":16,"stat.craftItem.minecraft.planks":20,"stat.mineBlock.minecraft.crafting_table":2,"stat.mobKills":1,"stat.mineBlock.minecraft.log":20,"stat.deaths":2,"stat.drop":2,"stat.mineBlock.minecraft.leaves":6,"stat.playOneMinute":15960,"stat.drop.tombstone.grave_key":1,"stat.sneakTime":539,"stat.craftItem.minecraft.iron_pickaxe":1,"stat.killEntity.Zombie":1,"stat.pickup.zawa.care_guide":1,"stat.mineBlock.minecraft.stone":22,"stat.mineBlock.minecraft.tallgrass":3}